impression_id,campaign_id,date,impressions,clicks,ctr,spend_usd
IMP-C001-20240101,C001,2024-01-01,6745,289,0.042926,550.0
IMP-C001-20240102,C001,2024-01-02,8284,343,0.041488,550.0
IMP-C001-20240103,C001,2024-01-03,8368,472,0.056512,550.0
IMP-C001-20240104,C001,2024-01-04,6813,259,0.038049,523.25
IMP-C001-20240105,C001,2024-01-05,6362,103,0.016301,169.18
IMP-C001-20240106,C001,2024-01-06,5156,153,0.029808,344.9
IMP-C001-20240107,C001,2024-01-07,4637,110,0.023815,285.97
IMP-C001-20240108,C001,2024-01-08,5661,260,0.046013,450.47
IMP-C001-20240109,C001,2024-01-09,5183,241,0.046664,437.34
IMP-C001-20240110,C001,2024-01-10,6563,236,0.03599,489.11
IMP-C001-20240111,C001,2024-01-11,5097,370,0.072784,550.0
IMP-C001-20240112,C001,2024-01-12,4413,253,0.057338,453.82
IMP-C001-20240113,C001,2024-01-13,6313,98,0.015605,172.63
IMP-C001-20240114,C001,2024-01-14,6295,353,0.056077,550.0
IMP-C001-20240115,C001,2024-01-15,5826,235,0.040483,403.36
IMP-C001-20240116,C001,2024-01-16,4920,187,0.03809,463.22
IMP-C001-20240117,C001,2024-01-17,6515,120,0.018554,270.87
IMP-C001-20240118,C001,2024-01-18,5422,188,0.034846,440.58
IMP-C001-20240119,C001,2024-01-19,7546,444,0.058969,550.0
IMP-C001-20240120,C001,2024-01-20,5536,276,0.049969,550.0
IMP-C001-20240121,C001,2024-01-21,5281,222,0.042215,405.84
IMP-C001-20240122,C001,2024-01-22,4205,240,0.057188,550.0
IMP-C001-20240123,C001,2024-01-23,5891,353,0.060053,550.0
IMP-C001-20240124,C001,2024-01-24,5032,253,0.050421,550.0
IMP-C001-20240125,C001,2024-01-25,5946,407,0.06847,550.0
IMP-C001-20240126,C001,2024-01-26,7232,334,0.046306,550.0
IMP-C001-20240127,C001,2024-01-27,6137,93,0.015186,194.75
IMP-C001-20240128,C001,2024-01-28,6535,438,0.067168,550.0
IMP-C001-20240129,C001,2024-01-29,4787,179,0.037474,435.8
IMP-C001-20240130,C001,2024-01-30,6493,240,0.037054,550.0
IMP-C001-20240131,C001,2024-01-31,6145,365,0.05953,550.0
IMP-C001-20240201,C001,2024-02-01,5508,215,0.039118,370.0
IMP-C001-20240202,C001,2024-02-02,6444,315,0.048916,550.0
IMP-C001-20240203,C001,2024-02-03,5648,134,0.023769,272.53
IMP-C001-20240204,C001,2024-02-04,5485,180,0.032966,380.09
IMP-C001-20240205,C001,2024-02-05,6606,484,0.073293,550.0
IMP-C001-20240206,C001,2024-02-06,6386,280,0.043883,443.62
IMP-C001-20240207,C001,2024-02-07,5960,273,0.045903,550.0
IMP-C001-20240208,C001,2024-02-08,5711,282,0.049523,550.0
IMP-C001-20240209,C001,2024-02-09,4246,263,0.062142,550.0
IMP-C001-20240210,C001,2024-02-10,7186,225,0.031359,550.0
IMP-C001-20240211,C001,2024-02-11,3897,209,0.053803,550.0
IMP-C001-20240212,C001,2024-02-12,4514,164,0.036506,359.14
IMP-C001-20240213,C001,2024-02-13,5244,114,0.02174,248.58
IMP-C001-20240214,C001,2024-02-14,4406,229,0.052104,431.48
IMP-C001-20240215,C001,2024-02-15,8324,276,0.033251,550.0
IMP-C001-20240216,C001,2024-02-16,7220,191,0.026537,425.59
IMP-C001-20240217,C001,2024-02-17,7960,166,0.020888,367.75
IMP-C001-20240218,C001,2024-02-18,6389,362,0.056727,550.0
IMP-C001-20240219,C001,2024-02-19,4019,212,0.052829,476.81
IMP-C001-20240220,C001,2024-02-20,6375,320,0.050197,550.0
IMP-C001-20240221,C001,2024-02-21,6348,313,0.049396,550.0
IMP-C001-20240222,C001,2024-02-22,8798,458,0.052107,550.0
IMP-C001-20240223,C001,2024-02-23,6984,212,0.03038,507.98
IMP-C001-20240224,C001,2024-02-24,7737,252,0.03269,550.0
IMP-C001-20240225,C001,2024-02-25,6619,379,0.057331,550.0
IMP-C001-20240226,C001,2024-02-26,5631,189,0.033694,357.8
IMP-C001-20240227,C001,2024-02-27,4776,209,0.043843,472.83
IMP-C001-20240228,C001,2024-02-28,6415,368,0.057408,550.0
IMP-C001-20240229,C001,2024-02-29,8180,335,0.04103,550.0
IMP-C001-20240301,C001,2024-03-01,7632,245,0.032143,450.49
IMP-C001-20240302,C001,2024-03-02,7396,308,0.041648,550.0
IMP-C001-20240303,C001,2024-03-03,7380,324,0.043908,550.0
IMP-C001-20240304,C001,2024-03-04,4100,157,0.038302,379.46
IMP-C001-20240305,C001,2024-03-05,6953,182,0.026314,402.58
IMP-C001-20240306,C001,2024-03-06,7235,229,0.031742,505.2
IMP-C001-20240307,C001,2024-03-07,6696,186,0.027855,421.72
IMP-C001-20240308,C001,2024-03-08,7525,460,0.061246,550.0
IMP-C001-20240309,C001,2024-03-09,4326,133,0.030933,307.83
IMP-C001-20240310,C001,2024-03-10,7447,392,0.052726,550.0
IMP-C001-20240311,C001,2024-03-11,7541,467,0.062033,550.0
IMP-C001-20240312,C001,2024-03-12,7674,309,0.040271,550.0
IMP-C001-20240313,C001,2024-03-13,5324,220,0.041448,443.17
IMP-C001-20240314,C001,2024-03-14,6735,536,0.07972,550.0
IMP-C001-20240315,C001,2024-03-15,7732,160,0.020809,322.95
IMP-C001-20240316,C001,2024-03-16,8396,385,0.045964,550.0
IMP-C001-20240317,C001,2024-03-17,5419,299,0.055194,550.0
IMP-C001-20240318,C001,2024-03-18,6957,317,0.045684,550.0
IMP-C001-20240319,C001,2024-03-19,10137,552,0.054509,550.0
IMP-C001-20240320,C001,2024-03-20,6907,242,0.035073,550.0
IMP-C001-20240321,C001,2024-03-21,5292,229,0.043279,529.33
IMP-C001-20240322,C001,2024-03-22,8028,216,0.026996,444.88
IMP-C001-20240323,C001,2024-03-23,5816,204,0.0352,548.69
IMP-C001-20240324,C001,2024-03-24,7268,189,0.026087,460.28
IMP-C001-20240325,C001,2024-03-25,10101,610,0.060487,550.0
IMP-C001-20240326,C001,2024-03-26,5801,371,0.064004,550.0
IMP-C001-20240327,C001,2024-03-27,7332,415,0.05662,550.0
IMP-C001-20240328,C001,2024-03-28,6501,32,0.005,59.29
IMP-C001-20240329,C001,2024-03-29,6183,162,0.026283,429.26
IMP-C001-20240330,C001,2024-03-30,4240,162,0.038399,356.27
IMP-C001-20240331,C001,2024-03-31,8978,210,0.023462,526.88
IMP-C001-20240401,C001,2024-04-01,6616,200,0.030277,459.73
IMP-C001-20240402,C001,2024-04-02,6928,249,0.035997,543.05
IMP-C001-20240403,C001,2024-04-03,5964,278,0.046703,550.0
IMP-C001-20240404,C001,2024-04-04,9216,243,0.026433,550.0
IMP-C001-20240405,C001,2024-04-05,3379,144,0.042723,336.46
IMP-C001-20240406,C001,2024-04-06,7063,251,0.03566,526.49
IMP-C001-20240407,C001,2024-04-07,5786,209,0.03616,504.71
IMP-C001-20240408,C001,2024-04-08,7189,248,0.034606,550.0
IMP-C001-20240409,C001,2024-04-09,7107,406,0.057193,550.0
IMP-C001-20240410,C001,2024-04-10,5232,191,0.036597,455.38
IMP-C001-20240411,C001,2024-04-11,7607,339,0.044686,550.0
IMP-C001-20240412,C001,2024-04-12,8708,314,0.036126,550.0
IMP-C001-20240413,C001,2024-04-13,6266,261,0.041735,550.0
IMP-C001-20240414,C001,2024-04-14,7961,455,0.057203,550.0
IMP-C001-20240415,C001,2024-04-15,6634,366,0.055229,550.0
IMP-C001-20240416,C001,2024-04-16,7134,307,0.043048,550.0
IMP-C001-20240417,C001,2024-04-17,7582,248,0.032727,550.0
IMP-C001-20240418,C001,2024-04-18,4940,132,0.026787,330.98
IMP-C001-20240419,C001,2024-04-19,7906,429,0.054362,550.0
IMP-C001-20240420,C001,2024-04-20,6579,207,0.031541,451.83
IMP-C001-20240421,C001,2024-04-21,5482,326,0.059627,550.0
IMP-C001-20240422,C001,2024-04-22,5237,210,0.040179,479.61
IMP-C001-20240423,C001,2024-04-23,5669,185,0.032667,413.12
IMP-C001-20240424,C001,2024-04-24,7004,261,0.037396,526.88
IMP-C001-20240425,C001,2024-04-25,6982,162,0.023279,281.52
IMP-C001-20240426,C001,2024-04-26,5414,226,0.041798,509.24
IMP-C001-20240427,C001,2024-04-27,9034,522,0.057865,550.0
IMP-C001-20240428,C001,2024-04-28,6568,196,0.029962,422.27
IMP-C001-20240429,C001,2024-04-29,6123,305,0.049841,550.0
IMP-C001-20240430,C001,2024-04-30,7456,506,0.067991,550.0
IMP-C001-20240501,C001,2024-05-01,6602,365,0.055352,550.0
IMP-C001-20240502,C001,2024-05-02,6336,286,0.045189,550.0
IMP-C001-20240503,C001,2024-05-03,4840,219,0.045368,505.76
IMP-C001-20240504,C001,2024-05-04,8176,485,0.059389,550.0
IMP-C001-20240505,C001,2024-05-05,4848,281,0.058085,550.0
IMP-C001-20240506,C001,2024-05-06,9284,305,0.032876,550.0
IMP-C001-20240507,C001,2024-05-07,5100,67,0.013142,134.15
IMP-C001-20240508,C001,2024-05-08,4861,229,0.047256,518.12
IMP-C001-20240509,C001,2024-05-09,8814,522,0.059256,550.0
IMP-C001-20240510,C001,2024-05-10,4652,243,0.052379,428.63
IMP-C001-20240511,C001,2024-05-11,8747,548,0.062692,550.0
IMP-C001-20240512,C001,2024-05-12,3430,224,0.065308,476.14
IMP-C001-20240513,C001,2024-05-13,7856,165,0.021084,326.73
IMP-C001-20240514,C001,2024-05-14,6007,274,0.045705,550.0
IMP-C001-20240515,C001,2024-05-15,6934,200,0.028986,423.46
IMP-C001-20240516,C001,2024-05-16,6180,325,0.052717,550.0
IMP-C001-20240517,C001,2024-05-17,4313,94,0.021988,239.07
IMP-C001-20240518,C001,2024-05-18,6498,219,0.033773,550.0
IMP-C001-20240519,C001,2024-05-19,6173,386,0.062689,550.0
IMP-C001-20240520,C001,2024-05-20,9091,648,0.07133,550.0
IMP-C001-20240521,C001,2024-05-21,7457,407,0.054681,550.0
IMP-C001-20240522,C001,2024-05-22,4552,251,0.055291,550.0
IMP-C001-20240523,C001,2024-05-23,3361,91,0.027251,140.89
IMP-C001-20240524,C001,2024-05-24,5595,311,0.055763,550.0
IMP-C001-20240525,C001,2024-05-25,6111,424,0.069429,550.0
IMP-C001-20240526,C001,2024-05-26,3444,152,0.044167,345.83
IMP-C001-20240527,C001,2024-05-27,5950,83,0.013988,177.06
IMP-C001-20240528,C001,2024-05-28,4043,222,0.055045,503.94
IMP-C001-20240529,C001,2024-05-29,4590,171,0.037292,315.02
IMP-C001-20240530,C001,2024-05-30,5905,350,0.059327,550.0
IMP-C001-20240531,C001,2024-05-31,6756,250,0.037046,480.53
IMP-C001-20240601,C001,2024-06-01,5839,172,0.029471,342.95
IMP-C001-20240602,C001,2024-06-02,4203,313,0.074471,550.0
IMP-C001-20240603,C001,2024-06-03,4950,238,0.04821,506.06
IMP-C001-20240604,C001,2024-06-04,5668,307,0.054213,550.0
IMP-C001-20240605,C001,2024-06-05,5204,189,0.036363,392.64
IMP-C001-20240606,C001,2024-06-06,2547,56,0.022272,143.92
IMP-C001-20240607,C001,2024-06-07,8467,349,0.041264,550.0
IMP-C001-20240608,C001,2024-06-08,6466,589,0.091183,550.0
IMP-C001-20240609,C001,2024-06-09,5808,178,0.030667,298.7
IMP-C001-20240610,C001,2024-06-10,6305,212,0.033655,367.46
IMP-C001-20240611,C001,2024-06-11,5030,144,0.028777,383.92
IMP-C001-20240612,C001,2024-06-12,7322,328,0.04488,550.0
IMP-C001-20240613,C001,2024-06-13,6116,196,0.032081,512.92
IMP-C001-20240614,C001,2024-06-14,6808,200,0.029441,420.58
IMP-C001-20240615,C001,2024-06-15,4686,113,0.024258,275.48
IMP-C001-20240616,C001,2024-06-16,8864,212,0.024021,493.72
IMP-C001-20240617,C001,2024-06-17,5024,189,0.037693,374.65
IMP-C001-20240618,C001,2024-06-18,4704,215,0.045728,410.8
IMP-C001-20240619,C001,2024-06-19,6405,283,0.044246,550.0
IMP-C001-20240620,C001,2024-06-20,4638,168,0.036348,400.95
IMP-C001-20240621,C001,2024-06-21,6751,204,0.030337,446.72
IMP-C001-20240622,C001,2024-06-22,7127,142,0.019959,329.87
IMP-C001-20240623,C001,2024-06-23,5006,268,0.053559,517.51
IMP-C001-20240624,C001,2024-06-24,3292,67,0.020587,145.69
IMP-C001-20240625,C001,2024-06-25,6389,200,0.031435,470.32
IMP-C001-20240626,C001,2024-06-26,3507,154,0.044009,276.69
IMP-C001-20240627,C001,2024-06-27,5022,229,0.045711,435.53
IMP-C001-20240628,C001,2024-06-28,5423,325,0.060094,550.0
IMP-C001-20240629,C001,2024-06-29,7253,203,0.028054,470.75
IMP-C001-20240630,C001,2024-06-30,8162,64,0.007925,122.94
IMP-C001-20240701,C001,2024-07-01,6865,288,0.041954,550.0
IMP-C001-20240702,C001,2024-07-02,5094,235,0.046299,496.62
IMP-C001-20240703,C001,2024-07-03,7751,378,0.048816,550.0
IMP-C001-20240704,C001,2024-07-04,5382,202,0.037686,410.11
IMP-C001-20240705,C001,2024-07-05,6591,254,0.038685,550.0
IMP-C001-20240706,C001,2024-07-06,9113,529,0.058067,550.0
IMP-C001-20240707,C001,2024-07-07,7801,303,0.038879,469.21
IMP-C001-20240708,C001,2024-07-08,4487,76,0.016938,156.15
IMP-C001-20240709,C001,2024-07-09,6027,422,0.070147,550.0
IMP-C001-20240710,C001,2024-07-10,5671,325,0.057441,486.41
IMP-C001-20240711,C001,2024-07-11,6353,359,0.056563,550.0
IMP-C001-20240712,C001,2024-07-12,7715,386,0.050077,550.0
IMP-C001-20240713,C001,2024-07-13,6949,549,0.07906,550.0
IMP-C001-20240714,C001,2024-07-14,6372,242,0.03811,461.02
IMP-C001-20240715,C001,2024-07-15,7245,232,0.032159,506.1
IMP-C001-20240716,C001,2024-07-16,5283,275,0.052185,550.0
IMP-C001-20240717,C001,2024-07-17,7556,282,0.03735,550.0
IMP-C001-20240718,C001,2024-07-18,4531,173,0.038336,393.26
IMP-C001-20240719,C001,2024-07-19,7135,222,0.031168,537.44
IMP-C001-20240720,C001,2024-07-20,8033,411,0.051202,550.0
IMP-C001-20240721,C001,2024-07-21,4839,127,0.02633,206.55
IMP-C001-20240722,C001,2024-07-22,8244,451,0.054815,550.0
IMP-C001-20240723,C001,2024-07-23,6419,180,0.028118,520.87
IMP-C001-20240724,C001,2024-07-24,6193,288,0.046641,550.0
IMP-C001-20240725,C001,2024-07-25,6721,325,0.048358,550.0
IMP-C001-20240726,C001,2024-07-26,6707,491,0.07323,550.0
IMP-C001-20240727,C001,2024-07-27,8389,313,0.037332,550.0
IMP-C001-20240728,C001,2024-07-28,5811,266,0.045836,550.0
IMP-C001-20240729,C001,2024-07-29,3461,235,0.067943,496.46
IMP-C001-20240730,C001,2024-07-30,5359,159,0.029818,264.5
IMP-C001-20240731,C001,2024-07-31,7234,333,0.0461,550.0
IMP-C001-20240801,C001,2024-08-01,4057,162,0.039963,431.03
IMP-C001-20240802,C001,2024-08-02,5610,125,0.022453,260.78
IMP-C001-20240803,C001,2024-08-03,5590,27,0.005,57.88
IMP-C001-20240804,C001,2024-08-04,5653,313,0.055443,550.0
IMP-C001-20240805,C001,2024-08-05,7689,314,0.040967,550.0
IMP-C001-20240806,C001,2024-08-06,9860,452,0.045888,550.0
IMP-C001-20240807,C001,2024-08-07,5963,286,0.047971,550.0
IMP-C001-20240808,C001,2024-08-08,5139,189,0.036797,406.38
IMP-C001-20240809,C001,2024-08-09,5184,177,0.034307,387.97
IMP-C001-20240810,C001,2024-08-10,5617,379,0.06756,517.22
IMP-C001-20240811,C001,2024-08-11,7637,486,0.063691,550.0
IMP-C001-20240812,C001,2024-08-12,5485,216,0.039428,375.35
IMP-C001-20240813,C001,2024-08-13,4833,136,0.028341,365.25
IMP-C001-20240814,C001,2024-08-14,7403,474,0.064073,550.0
IMP-C001-20240815,C001,2024-08-15,4306,159,0.037132,366.78
IMP-C001-20240816,C001,2024-08-16,4166,232,0.055695,484.39
IMP-C001-20240817,C001,2024-08-17,5437,302,0.055664,550.0
IMP-C001-20240818,C001,2024-08-18,5458,340,0.06239,550.0
IMP-C001-20240819,C001,2024-08-19,6923,373,0.053897,550.0
IMP-C001-20240820,C001,2024-08-20,6489,170,0.026233,414.33
IMP-C001-20240821,C001,2024-08-21,5722,212,0.037159,524.64
IMP-C001-20240822,C001,2024-08-22,4943,118,0.023873,199.78
IMP-C001-20240823,C001,2024-08-23,6909,178,0.025794,478.19
IMP-C001-20240824,C001,2024-08-24,2877,202,0.070447,449.11
IMP-C001-20240825,C001,2024-08-25,5854,215,0.036826,490.14
IMP-C001-20240826,C001,2024-08-26,5943,365,0.06155,550.0
IMP-C001-20240827,C001,2024-08-27,6225,246,0.039546,527.16
IMP-C001-20240828,C001,2024-08-28,6461,125,0.019347,219.44
IMP-C001-20240829,C001,2024-08-29,7114,338,0.047563,550.0
IMP-C001-20240830,C001,2024-08-30,6027,302,0.050214,550.0
IMP-C001-20240831,C001,2024-08-31,4832,231,0.047938,431.16
IMP-C001-20240901,C001,2024-09-01,6612,128,0.019461,316.0
IMP-C001-20240902,C001,2024-09-02,6708,327,0.04884,550.0
IMP-C001-20240903,C001,2024-09-03,8498,511,0.060216,550.0
IMP-C001-20240904,C001,2024-09-04,4080,145,0.035628,314.33
IMP-C001-20240905,C001,2024-09-05,6776,231,0.034114,511.9
IMP-C001-20240906,C001,2024-09-06,4866,174,0.035827,302.41
IMP-C001-20240907,C001,2024-09-07,4615,114,0.024725,212.87
IMP-C001-20240908,C001,2024-09-08,7580,233,0.030759,550.0
IMP-C001-20240909,C001,2024-09-09,6739,321,0.047773,550.0
IMP-C001-20240910,C001,2024-09-10,7050,256,0.036365,550.0
IMP-C001-20240911,C001,2024-09-11,9840,428,0.043559,550.0
IMP-C001-20240912,C001,2024-09-12,4945,219,0.044475,550.0
IMP-C001-20240913,C001,2024-09-13,5059,365,0.072187,550.0
IMP-C001-20240914,C001,2024-09-14,5156,280,0.054486,550.0
IMP-C001-20240915,C001,2024-09-15,6932,148,0.021447,287.4
IMP-C001-20240916,C001,2024-09-16,5628,246,0.043883,550.0
IMP-C001-20240917,C001,2024-09-17,6266,156,0.02497,354.75
IMP-C001-20240918,C001,2024-09-18,6915,369,0.053397,550.0
IMP-C001-20240919,C001,2024-09-19,7250,376,0.051888,550.0
IMP-C001-20240920,C001,2024-09-20,3508,180,0.051444,400.02
IMP-C001-20240921,C001,2024-09-21,6407,165,0.025849,302.89
IMP-C001-20240922,C001,2024-09-22,7579,336,0.044407,550.0
IMP-C001-20240923,C001,2024-09-23,6042,274,0.045446,550.0
IMP-C001-20240924,C001,2024-09-24,5225,242,0.046442,489.16
IMP-C001-20240925,C001,2024-09-25,5348,215,0.040362,478.73
IMP-C001-20240926,C001,2024-09-26,5281,337,0.063836,550.0
IMP-C001-20240927,C001,2024-09-27,5719,219,0.038404,550.0
IMP-C001-20240928,C001,2024-09-28,6294,380,0.060478,550.0
IMP-C001-20240929,C001,2024-09-29,6400,373,0.058344,550.0
IMP-C001-20240930,C001,2024-09-30,7598,282,0.037241,550.0
IMP-C001-20241001,C001,2024-10-01,9448,373,0.039557,550.0
IMP-C001-20241002,C001,2024-10-02,8180,561,0.068694,550.0
IMP-C001-20241003,C001,2024-10-03,5369,218,0.040773,382.95
IMP-C001-20241004,C001,2024-10-04,4622,138,0.029938,266.29
IMP-C001-20241005,C001,2024-10-05,5947,288,0.048513,550.0
IMP-C001-20241006,C001,2024-10-06,4502,269,0.059765,550.0
IMP-C001-20241007,C001,2024-10-07,5925,326,0.055122,550.0
IMP-C001-20241008,C001,2024-10-08,6573,312,0.047497,550.0
IMP-C001-20241009,C001,2024-10-09,6433,526,0.08183,550.0
IMP-C001-20241010,C001,2024-10-10,5203,185,0.035653,368.77
IMP-C001-20241011,C001,2024-10-11,5043,316,0.062835,550.0
IMP-C001-20241012,C001,2024-10-12,5143,167,0.032515,384.34
IMP-C001-20241013,C001,2024-10-13,5171,281,0.054494,550.0
IMP-C001-20241014,C001,2024-10-14,3726,254,0.068213,550.0
IMP-C001-20241015,C001,2024-10-15,5080,199,0.039184,446.91
IMP-C001-20241016,C001,2024-10-16,6501,356,0.054878,550.0
IMP-C001-20241017,C001,2024-10-17,5734,189,0.033026,330.03
IMP-C001-20241018,C001,2024-10-18,4903,218,0.044503,550.0
IMP-C001-20241019,C001,2024-10-19,5223,252,0.048357,543.08
IMP-C001-20241020,C001,2024-10-20,7782,645,0.082904,550.0
IMP-C001-20241021,C001,2024-10-21,5265,319,0.060662,550.0
IMP-C001-20241022,C001,2024-10-22,8770,471,0.053759,550.0
IMP-C001-20241023,C001,2024-10-23,6885,424,0.061631,550.0
IMP-C001-20241024,C001,2024-10-24,6760,412,0.061,550.0
IMP-C001-20241025,C001,2024-10-25,8073,441,0.054731,550.0
IMP-C001-20241026,C001,2024-10-26,6220,392,0.063098,550.0
IMP-C001-20241027,C001,2024-10-27,6553,256,0.0391,550.0
IMP-C001-20241028,C001,2024-10-28,7917,378,0.047866,550.0
IMP-C001-20241029,C001,2024-10-29,3960,222,0.056194,522.51
IMP-C001-20241030,C001,2024-10-30,9244,373,0.040383,550.0
IMP-C001-20241031,C001,2024-10-31,6374,437,0.068662,550.0
IMP-C001-20241101,C001,2024-11-01,8344,451,0.054118,550.0
IMP-C001-20241102,C001,2024-11-02,6929,331,0.047911,550.0
IMP-C001-20241103,C001,2024-11-03,5798,272,0.046995,530.39
IMP-C001-20241104,C001,2024-11-04,10130,224,0.022152,446.28
IMP-C001-20241105,C001,2024-11-05,8535,584,0.068483,550.0
IMP-C001-20241106,C001,2024-11-06,6717,491,0.073217,550.0
IMP-C001-20241107,C001,2024-11-07,3512,181,0.0516,363.7
IMP-C001-20241108,C001,2024-11-08,5808,323,0.055625,550.0
IMP-C001-20241109,C001,2024-11-09,6700,172,0.025795,416.54
IMP-C001-20241110,C001,2024-11-10,9067,394,0.043512,550.0
IMP-C001-20241111,C001,2024-11-11,5713,126,0.022117,246.01
IMP-C001-20241112,C001,2024-11-12,7711,375,0.04865,550.0
IMP-C001-20241113,C001,2024-11-13,8486,222,0.026227,550.0
IMP-C001-20241114,C001,2024-11-14,7639,471,0.061759,550.0
IMP-C001-20241115,C001,2024-11-15,8690,465,0.053547,550.0
IMP-C001-20241116,C001,2024-11-16,9053,587,0.064937,550.0
IMP-C001-20241117,C001,2024-11-17,9182,400,0.043654,550.0
IMP-C001-20241118,C001,2024-11-18,6481,466,0.072014,550.0
IMP-C001-20241119,C001,2024-11-19,5009,235,0.046922,459.59
IMP-C001-20241120,C001,2024-11-20,9439,332,0.035211,550.0
IMP-C001-20241121,C001,2024-11-21,4115,157,0.038215,224.96
IMP-C001-20241122,C001,2024-11-22,4711,265,0.056406,550.0
IMP-C001-20241123,C001,2024-11-23,8629,263,0.030495,550.0
IMP-C001-20241124,C001,2024-11-24,7792,215,0.027625,550.0
IMP-C001-20241125,C001,2024-11-25,9510,396,0.041686,550.0
IMP-C001-20241126,C001,2024-11-26,8206,117,0.014374,244.04
IMP-C001-20241127,C001,2024-11-27,6470,193,0.029976,400.6
IMP-C001-20241128,C001,2024-11-28,11305,617,0.054613,550.0
IMP-C001-20241129,C001,2024-11-29,8916,588,0.06599,550.0
IMP-C001-20241130,C001,2024-11-30,7916,279,0.035296,550.0
IMP-C001-20241201,C001,2024-12-01,8567,500,0.058428,550.0
IMP-C001-20241202,C001,2024-12-02,9846,364,0.036971,550.0
IMP-C001-20241203,C001,2024-12-03,8185,623,0.076129,550.0
IMP-C001-20241204,C001,2024-12-04,11185,536,0.047969,550.0
IMP-C001-20241205,C001,2024-12-05,6856,275,0.040195,550.0
IMP-C001-20241206,C001,2024-12-06,8819,320,0.036394,550.0
IMP-C001-20241207,C001,2024-12-07,11977,849,0.070913,550.0
IMP-C001-20241208,C001,2024-12-08,7874,368,0.0468,550.0
IMP-C001-20241209,C001,2024-12-09,5805,238,0.041139,394.94
IMP-C001-20241210,C001,2024-12-10,8578,469,0.054708,550.0
IMP-C001-20241211,C001,2024-12-11,10869,289,0.026614,497.28
IMP-C001-20241212,C001,2024-12-12,8237,500,0.060706,550.0
IMP-C001-20241213,C001,2024-12-13,6905,422,0.06118,550.0
IMP-C001-20241214,C001,2024-12-14,7463,434,0.058255,550.0
IMP-C001-20241215,C001,2024-12-15,4726,317,0.067148,550.0
IMP-C001-20241216,C001,2024-12-16,6580,335,0.050937,550.0
IMP-C001-20241217,C001,2024-12-17,8308,305,0.036745,550.0
IMP-C001-20241218,C001,2024-12-18,7750,485,0.062591,550.0
IMP-C001-20241219,C001,2024-12-19,7077,400,0.056575,522.17
IMP-C001-20241220,C001,2024-12-20,10040,189,0.018904,387.69
IMP-C001-20241221,C001,2024-12-21,5616,143,0.02558,358.68
IMP-C001-20241222,C001,2024-12-22,6887,345,0.050198,550.0
IMP-C001-20241223,C001,2024-12-23,8730,402,0.046152,550.0
IMP-C001-20241224,C001,2024-12-24,9742,366,0.037594,550.0
IMP-C001-20241225,C001,2024-12-25,6965,470,0.067511,550.0
IMP-C001-20241226,C001,2024-12-26,7120,283,0.039761,550.0
IMP-C001-20241227,C001,2024-12-27,11849,601,0.050729,550.0
IMP-C001-20241228,C001,2024-12-28,9809,476,0.048582,550.0
IMP-C001-20241229,C001,2024-12-29,7417,325,0.043926,550.0
IMP-C001-20241230,C001,2024-12-30,9218,421,0.045779,550.0
IMP-C001-20241231,C001,2024-12-31,7642,352,0.04618,549.31
IMP-C002-20240101,C002,2024-01-01,11799,592,0.050197,880.0
IMP-C002-20240102,C002,2024-01-02,2648,202,0.076326,427.86
IMP-C002-20240103,C002,2024-01-03,12259,360,0.029401,843.78
IMP-C002-20240104,C002,2024-01-04,7071,252,0.035643,689.02
IMP-C002-20240105,C002,2024-01-05,9142,441,0.048261,880.0
IMP-C002-20240106,C002,2024-01-06,10789,509,0.047256,880.0
IMP-C002-20240107,C002,2024-01-07,15368,678,0.044136,880.0
IMP-C002-20240108,C002,2024-01-08,12121,746,0.061583,880.0
IMP-C002-20240109,C002,2024-01-09,11132,310,0.027855,821.51
IMP-C002-20240110,C002,2024-01-10,6848,339,0.04954,655.53
IMP-C002-20240111,C002,2024-01-11,9446,471,0.049931,880.0
IMP-C002-20240112,C002,2024-01-12,10612,734,0.069206,880.0
IMP-C002-20240113,C002,2024-01-13,9014,535,0.059461,880.0
IMP-C002-20240114,C002,2024-01-14,6653,359,0.053961,850.96
IMP-C002-20240115,C002,2024-01-15,8885,583,0.065636,880.0
IMP-C002-20240116,C002,2024-01-16,9901,419,0.042404,880.0
IMP-C002-20240117,C002,2024-01-17,6968,163,0.023399,430.05
IMP-C002-20240118,C002,2024-01-18,7567,227,0.030129,343.67
IMP-C002-20240119,C002,2024-01-19,8066,202,0.025154,535.83
IMP-C002-20240120,C002,2024-01-20,12023,416,0.034678,880.0
IMP-C002-20240121,C002,2024-01-21,11956,479,0.040128,675.48
IMP-C002-20240122,C002,2024-01-22,15098,364,0.024156,606.56
IMP-C002-20240123,C002,2024-01-23,12054,983,0.081596,880.0
IMP-C002-20240124,C002,2024-01-24,10953,590,0.053921,880.0
IMP-C002-20240125,C002,2024-01-25,11421,562,0.049218,880.0
IMP-C002-20240126,C002,2024-01-26,9449,318,0.033691,660.1
IMP-C002-20240127,C002,2024-01-27,5536,240,0.043525,447.22
IMP-C002-20240128,C002,2024-01-28,6951,331,0.047698,853.19
IMP-C002-20240129,C002,2024-01-29,11803,253,0.021442,471.37
IMP-C002-20240130,C002,2024-01-30,11857,358,0.030263,749.15
IMP-C002-20240131,C002,2024-01-31,10920,332,0.030475,727.62
IMP-C002-20240201,C002,2024-02-01,6398,230,0.035979,518.86
IMP-C002-20240202,C002,2024-02-02,5776,298,0.051607,641.92
IMP-C002-20240203,C002,2024-02-03,10925,528,0.048359,880.0
IMP-C002-20240204,C002,2024-02-04,9900,381,0.038559,836.94
IMP-C002-20240205,C002,2024-02-05,10903,498,0.045733,880.0
IMP-C002-20240206,C002,2024-02-06,7915,277,0.035056,481.76
IMP-C002-20240207,C002,2024-02-07,13798,363,0.026342,708.62
IMP-C002-20240208,C002,2024-02-08,7875,460,0.058424,880.0
IMP-C002-20240209,C002,2024-02-09,12594,439,0.034898,880.0
IMP-C002-20240210,C002,2024-02-10,7595,586,0.077177,880.0
IMP-C002-20240211,C002,2024-02-11,10343,563,0.054507,880.0
IMP-C002-20240212,C002,2024-02-12,9155,394,0.043053,856.22
IMP-C002-20240213,C002,2024-02-13,9247,549,0.059458,880.0
IMP-C002-20240214,C002,2024-02-14,8262,202,0.024453,430.97
IMP-C002-20240215,C002,2024-02-15,15791,520,0.032945,880.0
IMP-C002-20240216,C002,2024-02-16,13626,500,0.036696,880.0
IMP-C002-20240217,C002,2024-02-17,13508,531,0.039313,880.0
IMP-C002-20240218,C002,2024-02-18,8203,244,0.029779,479.51
IMP-C002-20240219,C002,2024-02-19,6662,303,0.045511,584.49
IMP-C002-20240220,C002,2024-02-20,10161,220,0.021662,497.04
IMP-C002-20240221,C002,2024-02-21,11600,175,0.015094,397.64
IMP-C002-20240222,C002,2024-02-22,12546,336,0.026855,880.0
IMP-C002-20240223,C002,2024-02-23,10605,365,0.034425,782.29
IMP-C002-20240224,C002,2024-02-24,10939,504,0.04614,880.0
IMP-C002-20240225,C002,2024-02-25,7390,351,0.04754,609.3
IMP-C002-20240226,C002,2024-02-26,9333,293,0.031441,568.23
IMP-C002-20240227,C002,2024-02-27,12566,771,0.06137,880.0
IMP-C002-20240228,C002,2024-02-28,6978,280,0.040254,706.7
IMP-C002-20240229,C002,2024-02-29,9940,793,0.07979,880.0
IMP-C002-20240301,C002,2024-03-01,11067,446,0.040363,880.0
IMP-C002-20240302,C002,2024-03-02,10157,564,0.055622,880.0
IMP-C002-20240303,C002,2024-03-03,8484,212,0.025032,341.14
IMP-C002-20240304,C002,2024-03-04,11901,338,0.02845,511.78
IMP-C002-20240305,C002,2024-03-05,11585,954,0.082395,880.0
IMP-C002-20240306,C002,2024-03-06,12773,590,0.046227,880.0
IMP-C002-20240307,C002,2024-03-07,12986,527,0.040646,880.0
IMP-C002-20240308,C002,2024-03-08,11409,399,0.034979,880.0
IMP-C002-20240309,C002,2024-03-09,10098,339,0.033664,786.8
IMP-C002-20240310,C002,2024-03-10,8188,371,0.045423,800.35
IMP-C002-20240311,C002,2024-03-11,13426,699,0.05212,880.0
IMP-C002-20240312,C002,2024-03-12,12718,837,0.065853,880.0
IMP-C002-20240313,C002,2024-03-13,10587,268,0.025322,493.24
IMP-C002-20240314,C002,2024-03-14,9754,349,0.035857,734.26
IMP-C002-20240315,C002,2024-03-15,10709,566,0.052945,880.0
IMP-C002-20240316,C002,2024-03-16,11844,544,0.045967,852.64
IMP-C002-20240317,C002,2024-03-17,8080,346,0.042839,621.79
IMP-C002-20240318,C002,2024-03-18,12143,825,0.067961,880.0
IMP-C002-20240319,C002,2024-03-19,9996,673,0.067361,880.0
IMP-C002-20240320,C002,2024-03-20,9670,346,0.035799,715.96
IMP-C002-20240321,C002,2024-03-21,9535,453,0.047556,880.0
IMP-C002-20240322,C002,2024-03-22,10568,544,0.051554,880.0
IMP-C002-20240323,C002,2024-03-23,13066,296,0.022727,412.57
IMP-C002-20240324,C002,2024-03-24,13026,319,0.024497,667.53
IMP-C002-20240325,C002,2024-03-25,7470,134,0.01797,311.21
IMP-C002-20240326,C002,2024-03-26,12564,456,0.036352,630.51
IMP-C002-20240327,C002,2024-03-27,9117,463,0.050877,794.66
IMP-C002-20240328,C002,2024-03-28,11044,494,0.04477,880.0
IMP-C002-20240329,C002,2024-03-29,10875,330,0.030404,831.26
IMP-C002-20240330,C002,2024-03-30,10141,452,0.04459,849.77
IMP-C002-20240331,C002,2024-03-31,9389,297,0.031728,626.11
IMP-C002-20240401,C002,2024-04-01,15078,368,0.024421,616.74
IMP-C002-20240402,C002,2024-04-02,14443,604,0.04186,880.0
IMP-C002-20240403,C002,2024-04-03,13305,477,0.035916,880.0
IMP-C002-20240404,C002,2024-04-04,12349,465,0.037681,880.0
IMP-C002-20240405,C002,2024-04-05,8960,502,0.056131,880.0
IMP-C002-20240406,C002,2024-04-06,13996,957,0.068423,880.0
IMP-C002-20240407,C002,2024-04-07,8570,444,0.0519,868.77
IMP-C002-20240408,C002,2024-04-08,15875,746,0.047048,880.0
IMP-C002-20240409,C002,2024-04-09,11047,273,0.024793,510.1
IMP-C002-20240410,C002,2024-04-10,13729,482,0.035147,880.0
IMP-C002-20240411,C002,2024-04-11,11976,751,0.062786,880.0
IMP-C002-20240412,C002,2024-04-12,13189,443,0.033648,767.92
IMP-C002-20240413,C002,2024-04-13,14523,583,0.04016,880.0
IMP-C002-20240414,C002,2024-04-14,14066,750,0.053343,880.0
IMP-C002-20240415,C002,2024-04-15,16275,575,0.035347,880.0
IMP-C002-20240416,C002,2024-04-16,10710,525,0.049029,880.0
IMP-C002-20240417,C002,2024-04-17,11900,631,0.053074,880.0
IMP-C002-20240418,C002,2024-04-18,9596,311,0.032412,574.28
IMP-C002-20240419,C002,2024-04-19,5368,407,0.075843,744.42
IMP-C002-20240420,C002,2024-04-20,9975,407,0.040848,880.0
IMP-C002-20240421,C002,2024-04-21,12713,736,0.057907,880.0
IMP-C002-20240422,C002,2024-04-22,10118,498,0.049239,880.0
IMP-C002-20240423,C002,2024-04-23,14803,775,0.052365,880.0
IMP-C002-20240424,C002,2024-04-24,12310,770,0.062602,880.0
IMP-C002-20240425,C002,2024-04-25,7136,363,0.050995,713.15
IMP-C002-20240426,C002,2024-04-26,9164,492,0.053795,880.0
IMP-C002-20240427,C002,2024-04-27,10616,526,0.049632,880.0
IMP-C002-20240428,C002,2024-04-28,11195,940,0.084025,880.0
IMP-C002-20240429,C002,2024-04-29,5911,332,0.0563,755.08
IMP-C002-20240430,C002,2024-04-30,13964,769,0.055098,880.0
IMP-C002-20240501,C002,2024-05-01,6661,278,0.041865,529.55
IMP-C002-20240502,C002,2024-05-02,8206,441,0.053829,880.0
IMP-C002-20240503,C002,2024-05-03,10547,285,0.027062,653.61
IMP-C002-20240504,C002,2024-05-04,12471,447,0.035853,880.0
IMP-C002-20240505,C002,2024-05-05,9635,320,0.033227,753.43
IMP-C002-20240506,C002,2024-05-06,9309,477,0.051293,880.0
IMP-C002-20240507,C002,2024-05-07,8550,477,0.055836,880.0
IMP-C002-20240508,C002,2024-05-08,13744,536,0.039005,880.0
IMP-C002-20240509,C002,2024-05-09,11838,280,0.023725,456.89
IMP-C002-20240510,C002,2024-05-10,5938,379,0.063939,755.89
IMP-C002-20240511,C002,2024-05-11,15739,575,0.036536,880.0
IMP-C002-20240512,C002,2024-05-12,13301,998,0.075091,880.0
IMP-C002-20240513,C002,2024-05-13,12500,754,0.060361,880.0
IMP-C002-20240514,C002,2024-05-14,11468,421,0.036732,806.02
IMP-C002-20240515,C002,2024-05-15,9591,407,0.042447,823.78
IMP-C002-20240516,C002,2024-05-16,11271,668,0.05933,880.0
IMP-C002-20240517,C002,2024-05-17,13146,366,0.027875,769.3
IMP-C002-20240518,C002,2024-05-18,7879,133,0.017002,283.98
IMP-C002-20240519,C002,2024-05-19,9307,630,0.067702,880.0
IMP-C002-20240520,C002,2024-05-20,7141,519,0.072811,880.0
IMP-C002-20240521,C002,2024-05-21,10997,457,0.041603,855.58
IMP-C002-20240522,C002,2024-05-22,8706,533,0.061331,880.0
IMP-C002-20240523,C002,2024-05-23,13303,501,0.037667,880.0
IMP-C002-20240524,C002,2024-05-24,9938,183,0.018473,413.02
IMP-C002-20240525,C002,2024-05-25,9245,351,0.038009,590.24
IMP-C002-20240526,C002,2024-05-26,10832,400,0.037009,723.61
IMP-C002-20240527,C002,2024-05-27,2706,120,0.044587,323.0
IMP-C002-20240528,C002,2024-05-28,13587,518,0.038144,880.0
IMP-C002-20240529,C002,2024-05-29,10725,322,0.030024,724.67
IMP-C002-20240530,C002,2024-05-30,11438,725,0.063404,880.0
IMP-C002-20240531,C002,2024-05-31,9111,290,0.03183,554.46
IMP-C002-20240601,C002,2024-06-01,9056,457,0.05051,880.0
IMP-C002-20240602,C002,2024-06-02,7672,517,0.06739,880.0
IMP-C002-20240603,C002,2024-06-03,9548,322,0.033792,461.34
IMP-C002-20240604,C002,2024-06-04,11721,656,0.056053,880.0
IMP-C002-20240605,C002,2024-06-05,9760,514,0.052739,869.3
IMP-C002-20240606,C002,2024-06-06,8330,474,0.056914,845.48
IMP-C002-20240607,C002,2024-06-07,10304,254,0.024651,584.18
IMP-C002-20240608,C002,2024-06-08,9514,197,0.020773,494.36
IMP-C002-20240609,C002,2024-06-09,7836,257,0.032846,570.58
IMP-C002-20240610,C002,2024-06-10,12356,367,0.029763,799.51
IMP-C002-20240611,C002,2024-06-11,10629,588,0.055397,880.0
IMP-C002-20240612,C002,2024-06-12,8719,284,0.032586,620.78
IMP-C002-20240613,C002,2024-06-13,7026,35,0.005,80.18
IMP-C002-20240614,C002,2024-06-14,11769,112,0.009556,207.99
IMP-C002-20240615,C002,2024-06-15,11085,840,0.075862,880.0
IMP-C002-20240616,C002,2024-06-16,7852,331,0.042257,851.49
IMP-C002-20240617,C002,2024-06-17,8049,265,0.033012,534.02
IMP-C002-20240618,C002,2024-06-18,7312,342,0.04684,880.0
IMP-C002-20240619,C002,2024-06-19,10375,427,0.041215,880.0
IMP-C002-20240620,C002,2024-06-20,5848,340,0.058247,726.46
IMP-C002-20240621,C002,2024-06-21,9166,851,0.092897,880.0
IMP-C002-20240622,C002,2024-06-22,7795,300,0.038605,751.36
IMP-C002-20240623,C002,2024-06-23,9871,231,0.023426,562.66
IMP-C002-20240624,C002,2024-06-24,7996,584,0.073099,880.0
IMP-C002-20240625,C002,2024-06-25,8526,547,0.064215,880.0
IMP-C002-20240626,C002,2024-06-26,11646,608,0.052271,880.0
IMP-C002-20240627,C002,2024-06-27,8055,486,0.060449,880.0
IMP-C002-20240628,C002,2024-06-28,8631,264,0.030673,603.79
IMP-C002-20240629,C002,2024-06-29,14550,421,0.028987,880.0
IMP-C002-20240630,C002,2024-06-30,12989,568,0.043805,880.0
IMP-C002-20240701,C002,2024-07-01,7050,362,0.051425,761.6
IMP-C002-20240702,C002,2024-07-02,11965,751,0.062811,880.0
IMP-C002-20240703,C002,2024-07-03,10991,548,0.049887,880.0
IMP-C002-20240704,C002,2024-07-04,8752,438,0.050077,880.0
IMP-C002-20240705,C002,2024-07-05,10004,647,0.064764,880.0
IMP-C002-20240706,C002,2024-07-06,12335,798,0.064757,880.0
IMP-C002-20240707,C002,2024-07-07,4507,161,0.035883,410.4
IMP-C002-20240708,C002,2024-07-08,9545,286,0.03001,574.45
IMP-C002-20240709,C002,2024-07-09,11617,618,0.053201,880.0
IMP-C002-20240710,C002,2024-07-10,8719,341,0.039124,642.2
IMP-C002-20240711,C002,2024-07-11,13476,541,0.040165,880.0
IMP-C002-20240712,C002,2024-07-12,13251,794,0.059975,880.0
IMP-C002-20240713,C002,2024-07-13,10568,471,0.044637,880.0
IMP-C002-20240714,C002,2024-07-14,10378,283,0.027314,712.11
IMP-C002-20240715,C002,2024-07-15,8484,407,0.048017,880.0
IMP-C002-20240716,C002,2024-07-16,8978,483,0.0538,880.0
IMP-C002-20240717,C002,2024-07-17,11691,290,0.02481,637.4
IMP-C002-20240718,C002,2024-07-18,14253,427,0.029995,835.5
IMP-C002-20240719,C002,2024-07-19,10833,516,0.047694,880.0
IMP-C002-20240720,C002,2024-07-20,10774,587,0.054521,880.0
IMP-C002-20240721,C002,2024-07-21,10583,437,0.041381,880.0
IMP-C002-20240722,C002,2024-07-22,14159,608,0.04301,880.0
IMP-C002-20240723,C002,2024-07-23,12256,529,0.043194,797.84
IMP-C002-20240724,C002,2024-07-24,11633,430,0.03697,880.0
IMP-C002-20240725,C002,2024-07-25,10396,497,0.047857,880.0
IMP-C002-20240726,C002,2024-07-26,8554,450,0.052697,880.0
IMP-C002-20240727,C002,2024-07-27,11373,616,0.054231,880.0
IMP-C002-20240728,C002,2024-07-28,12206,451,0.036961,880.0
IMP-C002-20240729,C002,2024-07-29,10481,760,0.072573,880.0
IMP-C002-20240730,C002,2024-07-30,8761,391,0.044709,809.0
IMP-C002-20240731,C002,2024-07-31,11519,239,0.020755,440.69
IMP-C002-20240801,C002,2024-08-01,7037,416,0.059255,880.0
IMP-C002-20240802,C002,2024-08-02,9349,397,0.042468,865.86
IMP-C002-20240803,C002,2024-08-03,12388,385,0.03109,859.13
IMP-C002-20240804,C002,2024-08-04,11940,627,0.052516,880.0
IMP-C002-20240805,C002,2024-08-05,12002,60,0.005,141.8
IMP-C002-20240806,C002,2024-08-06,8030,140,0.017541,323.87
IMP-C002-20240807,C002,2024-08-07,12896,553,0.042938,880.0
IMP-C002-20240808,C002,2024-08-08,13469,871,0.064724,880.0
IMP-C002-20240809,C002,2024-08-09,11381,525,0.046132,880.0
IMP-C002-20240810,C002,2024-08-10,9009,291,0.032351,818.08
IMP-C002-20240811,C002,2024-08-11,9177,429,0.046848,880.0
IMP-C002-20240812,C002,2024-08-12,9704,683,0.070426,880.0
IMP-C002-20240813,C002,2024-08-13,10067,340,0.033863,599.76
IMP-C002-20240814,C002,2024-08-14,8131,361,0.044444,733.27
IMP-C002-20240815,C002,2024-08-15,7938,189,0.023905,403.53
IMP-C002-20240816,C002,2024-08-16,5988,337,0.056401,736.25
IMP-C002-20240817,C002,2024-08-17,6101,246,0.040362,475.85
IMP-C002-20240818,C002,2024-08-18,10366,674,0.065107,880.0
IMP-C002-20240819,C002,2024-08-19,9876,420,0.042598,880.0
IMP-C002-20240820,C002,2024-08-20,10111,340,0.03372,701.86
IMP-C002-20240821,C002,2024-08-21,7689,470,0.06114,880.0
IMP-C002-20240822,C002,2024-08-22,14162,624,0.04409,880.0
IMP-C002-20240823,C002,2024-08-23,5967,107,0.017953,180.27
IMP-C002-20240824,C002,2024-08-24,10241,538,0.052631,880.0
IMP-C002-20240825,C002,2024-08-25,11748,443,0.037754,880.0
IMP-C002-20240826,C002,2024-08-26,13469,787,0.058453,880.0
IMP-C002-20240827,C002,2024-08-27,7461,94,0.012723,182.76
IMP-C002-20240828,C002,2024-08-28,9093,274,0.030192,581.05
IMP-C002-20240829,C002,2024-08-29,9784,407,0.041627,799.75
IMP-C002-20240830,C002,2024-08-30,10004,516,0.051629,880.0
IMP-C002-20240831,C002,2024-08-31,12986,565,0.043521,880.0
IMP-C002-20240901,C002,2024-09-01,11299,547,0.048498,880.0
IMP-C002-20240902,C002,2024-09-02,10289,368,0.035813,834.79
IMP-C002-20240903,C002,2024-09-03,6855,319,0.046628,685.86
IMP-C002-20240904,C002,2024-09-04,9100,391,0.043072,623.82
IMP-C002-20240905,C002,2024-09-05,8283,384,0.046393,847.86
IMP-C002-20240906,C002,2024-09-06,7133,456,0.063986,866.47
IMP-C002-20240907,C002,2024-09-07,11926,613,0.051408,880.0
IMP-C002-20240908,C002,2024-09-08,13860,375,0.027095,880.0
IMP-C002-20240909,C002,2024-09-09,12001,419,0.034941,880.0
IMP-C002-20240910,C002,2024-09-10,8999,443,0.04933,880.0
IMP-C002-20240911,C002,2024-09-11,9277,530,0.057162,880.0
IMP-C002-20240912,C002,2024-09-12,5403,348,0.064565,578.12
IMP-C002-20240913,C002,2024-09-13,12078,747,0.061901,880.0
IMP-C002-20240914,C002,2024-09-14,8614,244,0.028414,511.31
IMP-C002-20240915,C002,2024-09-15,8860,502,0.056695,880.0
IMP-C002-20240916,C002,2024-09-16,12949,473,0.036567,880.0
IMP-C002-20240917,C002,2024-09-17,5559,182,0.032912,445.8
IMP-C002-20240918,C002,2024-09-18,13477,356,0.026485,705.68
IMP-C002-20240919,C002,2024-09-19,9536,469,0.049202,880.0
IMP-C002-20240920,C002,2024-09-20,10617,402,0.037892,866.58
IMP-C002-20240921,C002,2024-09-21,10911,492,0.045096,880.0
IMP-C002-20240922,C002,2024-09-22,9336,407,0.043675,833.94
IMP-C002-20240923,C002,2024-09-23,8978,619,0.06898,880.0
IMP-C002-20240924,C002,2024-09-24,8890,492,0.055454,880.0
IMP-C002-20240925,C002,2024-09-25,12415,627,0.050545,880.0
IMP-C002-20240926,C002,2024-09-26,10674,228,0.021437,415.41
IMP-C002-20240927,C002,2024-09-27,6734,317,0.047144,849.48
IMP-C002-20240928,C002,2024-09-28,14955,816,0.054571,880.0
IMP-C002-20240929,C002,2024-09-29,5277,194,0.03686,373.19
IMP-C002-20240930,C002,2024-09-30,8109,344,0.042478,694.32
IMP-C002-20241001,C002,2024-10-01,4849,272,0.056219,499.98
IMP-C002-20241002,C002,2024-10-02,10174,774,0.076111,880.0
IMP-C002-20241003,C002,2024-10-03,3527,143,0.04071,356.11
IMP-C002-20241004,C002,2024-10-04,14300,379,0.026557,875.11
IMP-C002-20241005,C002,2024-10-05,8483,368,0.043411,880.0
IMP-C002-20241006,C002,2024-10-06,5992,292,0.048806,671.69
IMP-C002-20241007,C002,2024-10-07,12205,567,0.04647,880.0
IMP-C002-20241008,C002,2024-10-08,8660,424,0.049037,872.19
IMP-C002-20241009,C002,2024-10-09,11091,437,0.039456,880.0
IMP-C002-20241010,C002,2024-10-10,9529,589,0.061891,880.0
IMP-C002-20241011,C002,2024-10-11,5344,341,0.063929,643.9
IMP-C002-20241012,C002,2024-10-12,8030,289,0.036065,743.4
IMP-C002-20241013,C002,2024-10-13,4474,411,0.092066,880.0
IMP-C002-20241014,C002,2024-10-14,10135,447,0.044177,880.0
IMP-C002-20241015,C002,2024-10-15,10850,593,0.054678,880.0
IMP-C002-20241016,C002,2024-10-16,9814,412,0.04204,871.22
IMP-C002-20241017,C002,2024-10-17,9132,566,0.062007,880.0
IMP-C002-20241018,C002,2024-10-18,2543,139,0.054839,308.36
IMP-C002-20241019,C002,2024-10-19,9555,374,0.039172,880.0
IMP-C002-20241020,C002,2024-10-20,11874,396,0.033407,880.0
IMP-C002-20241021,C002,2024-10-21,7268,176,0.024306,347.07
IMP-C002-20241022,C002,2024-10-22,11669,691,0.059297,880.0
IMP-C002-20241023,C002,2024-10-23,11340,598,0.052743,880.0
IMP-C002-20241024,C002,2024-10-24,10636,606,0.057006,880.0
IMP-C002-20241025,C002,2024-10-25,12453,692,0.055625,880.0
IMP-C002-20241026,C002,2024-10-26,12168,542,0.044602,880.0
IMP-C002-20241027,C002,2024-10-27,9208,311,0.033826,608.77
IMP-C002-20241028,C002,2024-10-28,9253,306,0.033114,632.69
IMP-C002-20241029,C002,2024-10-29,5055,243,0.048199,524.97
IMP-C002-20241030,C002,2024-10-30,7638,419,0.054889,880.0
IMP-C002-20241031,C002,2024-10-31,5741,192,0.033559,370.42
IMP-C002-20241101,C002,2024-11-01,9547,548,0.057442,880.0
IMP-C002-20241102,C002,2024-11-02,11654,174,0.014942,409.01
IMP-C002-20241103,C002,2024-11-03,8613,395,0.045899,880.0
IMP-C002-20241104,C002,2024-11-04,16725,424,0.025368,531.76
IMP-C002-20241105,C002,2024-11-05,13053,939,0.072008,880.0
IMP-C002-20241106,C002,2024-11-06,13134,494,0.037625,880.0
IMP-C002-20241107,C002,2024-11-07,9442,492,0.052145,880.0
IMP-C002-20241108,C002,2024-11-08,15787,1363,0.086395,880.0
IMP-C002-20241109,C002,2024-11-09,10892,485,0.044616,790.2
IMP-C002-20241110,C002,2024-11-10,10312,400,0.038861,801.11
IMP-C002-20241111,C002,2024-11-11,12955,423,0.032664,880.0
IMP-C002-20241112,C002,2024-11-12,12480,559,0.04486,880.0
IMP-C002-20241113,C002,2024-11-13,12964,743,0.057376,880.0
IMP-C002-20241114,C002,2024-11-14,10426,421,0.040444,739.38
IMP-C002-20241115,C002,2024-11-15,9923,375,0.037857,880.0
IMP-C002-20241116,C002,2024-11-16,13299,637,0.047904,880.0
IMP-C002-20241117,C002,2024-11-17,12051,612,0.050857,880.0
IMP-C002-20241118,C002,2024-11-18,13307,482,0.036259,688.47
IMP-C002-20241119,C002,2024-11-19,12061,800,0.066341,880.0
IMP-C002-20241120,C002,2024-11-20,15492,984,0.063542,880.0
IMP-C002-20241121,C002,2024-11-21,13095,467,0.035735,880.0
IMP-C002-20241122,C002,2024-11-22,14401,908,0.063058,880.0
IMP-C002-20241123,C002,2024-11-23,11075,498,0.045008,880.0
IMP-C002-20241124,C002,2024-11-24,7975,84,0.010557,167.57
IMP-C002-20241125,C002,2024-11-25,8671,324,0.037378,685.48
IMP-C002-20241126,C002,2024-11-26,11065,738,0.066787,880.0
IMP-C002-20241127,C002,2024-11-27,13417,728,0.054333,880.0
IMP-C002-20241128,C002,2024-11-28,15722,689,0.043864,880.0
IMP-C002-20241129,C002,2024-11-29,9135,198,0.021694,476.26
IMP-C002-20241130,C002,2024-11-30,13654,429,0.031469,814.71
IMP-C002-20241201,C002,2024-12-01,15991,434,0.027159,880.0
IMP-C002-20241202,C002,2024-12-02,9670,527,0.054576,880.0
IMP-C002-20241203,C002,2024-12-03,14361,529,0.036838,880.0
IMP-C002-20241204,C002,2024-12-04,12607,377,0.029967,880.0
IMP-C002-20241205,C002,2024-12-05,10878,452,0.041571,841.49
IMP-C002-20241206,C002,2024-12-06,4485,188,0.042135,542.15
IMP-C002-20241207,C002,2024-12-07,14927,667,0.044711,880.0
IMP-C002-20241208,C002,2024-12-08,12550,667,0.053207,880.0
IMP-C002-20241209,C002,2024-12-09,15956,889,0.055731,880.0
IMP-C002-20241210,C002,2024-12-10,13848,627,0.045294,880.0
IMP-C002-20241211,C002,2024-12-11,14326,568,0.039689,880.0
IMP-C002-20241212,C002,2024-12-12,12797,873,0.068235,880.0
IMP-C002-20241213,C002,2024-12-13,7901,375,0.047471,815.72
IMP-C002-20241214,C002,2024-12-14,13020,633,0.048659,880.0
IMP-C002-20241215,C002,2024-12-15,17128,359,0.020986,686.21
IMP-C002-20241216,C002,2024-12-16,12157,247,0.020352,520.49
IMP-C002-20241217,C002,2024-12-17,17663,800,0.045313,880.0
IMP-C002-20241218,C002,2024-12-18,8548,305,0.035755,624.47
IMP-C002-20241219,C002,2024-12-19,11488,737,0.064225,880.0
IMP-C002-20241220,C002,2024-12-20,9012,438,0.048698,880.0
IMP-C002-20241221,C002,2024-12-21,16037,1101,0.068708,880.0
IMP-C002-20241222,C002,2024-12-22,9950,260,0.026136,543.35
IMP-C002-20241223,C002,2024-12-23,13935,833,0.05981,880.0
IMP-C002-20241224,C002,2024-12-24,11482,542,0.047276,880.0
IMP-C002-20241225,C002,2024-12-25,18999,396,0.020885,877.31
IMP-C002-20241226,C002,2024-12-26,18793,847,0.045102,880.0
IMP-C002-20241227,C002,2024-12-27,11364,480,0.042294,880.0
IMP-C002-20241228,C002,2024-12-28,5578,379,0.068002,656.74
IMP-C002-20241229,C002,2024-12-29,11648,449,0.038561,880.0
IMP-C002-20241230,C002,2024-12-30,7493,389,0.051933,880.0
IMP-C002-20241231,C002,2024-12-31,8226,393,0.047846,770.83
IMP-C003-20240101,C003,2024-01-01,7966,360,0.045287,319.52
IMP-C003-20240102,C003,2024-01-02,8078,582,0.072065,595.23
IMP-C003-20240103,C003,2024-01-03,8495,217,0.025601,172.1
IMP-C003-20240104,C003,2024-01-04,8050,541,0.067262,642.0
IMP-C003-20240105,C003,2024-01-05,6636,298,0.044989,210.05
IMP-C003-20240106,C003,2024-01-06,8288,482,0.058235,455.19
IMP-C003-20240107,C003,2024-01-07,6353,311,0.048988,295.13
IMP-C003-20240108,C003,2024-01-08,7080,541,0.076496,544.19
IMP-C003-20240109,C003,2024-01-09,6554,231,0.035287,301.05
IMP-C003-20240110,C003,2024-01-10,6873,242,0.035259,357.29
IMP-C003-20240111,C003,2024-01-11,9755,351,0.035994,182.53
IMP-C003-20240112,C003,2024-01-12,9013,313,0.034731,412.28
IMP-C003-20240113,C003,2024-01-13,3653,213,0.058389,152.65
IMP-C003-20240114,C003,2024-01-14,8515,384,0.045214,304.83
IMP-C003-20240115,C003,2024-01-15,6467,357,0.055295,396.9
IMP-C003-20240116,C003,2024-01-16,8251,615,0.074647,375.6
IMP-C003-20240117,C003,2024-01-17,10110,470,0.046565,380.87
IMP-C003-20240118,C003,2024-01-18,4805,202,0.042163,274.01
IMP-C003-20240119,C003,2024-01-19,6970,471,0.067667,303.63
IMP-C003-20240120,C003,2024-01-20,7178,188,0.026214,223.55
IMP-C003-20240121,C003,2024-01-21,8796,340,0.038689,101.57
IMP-C003-20240122,C003,2024-01-22,7558,389,0.051551,467.3
IMP-C003-20240123,C003,2024-01-23,9424,272,0.028934,349.27
IMP-C003-20240124,C003,2024-01-24,9346,171,0.018321,201.08
IMP-C003-20240125,C003,2024-01-25,6292,275,0.043777,325.68
IMP-C003-20240126,C003,2024-01-26,6322,220,0.034864,239.85
IMP-C003-20240127,C003,2024-01-27,5242,150,0.028713,192.57
IMP-C003-20240128,C003,2024-01-28,5132,282,0.054995,343.7
IMP-C003-20240129,C003,2024-01-29,4093,142,0.034837,204.23
IMP-C003-20240130,C003,2024-01-30,5433,206,0.038034,251.04
IMP-C003-20240131,C003,2024-01-31,8610,354,0.041227,318.86
IMP-C003-20240201,C003,2024-02-01,9760,693,0.071083,660.0
IMP-C003-20240202,C003,2024-02-02,7353,241,0.032876,200.24
IMP-C003-20240203,C003,2024-02-03,8140,417,0.051276,625.7
IMP-C003-20240204,C003,2024-02-04,8370,187,0.022454,260.97
IMP-C003-20240205,C003,2024-02-05,5403,212,0.03924,244.87
IMP-C003-20240206,C003,2024-02-06,10792,989,0.091649,660.0
IMP-C003-20240207,C003,2024-02-07,6870,364,0.053018,490.05
IMP-C003-20240208,C003,2024-02-08,6622,476,0.071928,546.93
IMP-C003-20240209,C003,2024-02-09,8095,445,0.054989,536.88
IMP-C003-20240210,C003,2024-02-10,8710,311,0.035741,283.79
IMP-C003-20240211,C003,2024-02-11,5219,269,0.051593,353.38
IMP-C003-20240212,C003,2024-02-12,8023,562,0.070117,606.02
IMP-C003-20240213,C003,2024-02-13,8403,240,0.028624,231.33
IMP-C003-20240214,C003,2024-02-14,8451,487,0.057737,483.01
IMP-C003-20240215,C003,2024-02-15,7071,157,0.022232,152.74
IMP-C003-20240216,C003,2024-02-16,8802,472,0.053628,580.65
IMP-C003-20240217,C003,2024-02-17,7289,328,0.045106,289.26
IMP-C003-20240218,C003,2024-02-18,8457,433,0.051315,531.55
IMP-C003-20240219,C003,2024-02-19,6253,79,0.0127,111.32
IMP-C003-20240220,C003,2024-02-20,6338,203,0.032058,261.47
IMP-C003-20240221,C003,2024-02-21,6494,395,0.060899,499.72
IMP-C003-20240222,C003,2024-02-22,8430,206,0.024511,297.38
IMP-C003-20240223,C003,2024-02-23,7670,302,0.039461,339.15
IMP-C003-20240224,C003,2024-02-24,4002,204,0.05113,157.32
IMP-C003-20240225,C003,2024-02-25,4765,105,0.022165,148.45
IMP-C003-20240226,C003,2024-02-26,6067,412,0.068006,378.73
IMP-C003-20240227,C003,2024-02-27,4126,116,0.028252,168.29
IMP-C003-20240228,C003,2024-02-28,6919,254,0.036776,286.51
IMP-C003-20240229,C003,2024-02-29,8103,500,0.061761,660.0
IMP-C003-20240301,C003,2024-03-01,7207,180,0.025109,172.07
IMP-C003-20240302,C003,2024-03-02,8435,257,0.030544,203.76
IMP-C003-20240303,C003,2024-03-03,8600,380,0.04427,414.14
IMP-C003-20240304,C003,2024-03-04,6418,266,0.041544,213.53
IMP-C003-20240305,C003,2024-03-05,9682,586,0.060529,308.32
IMP-C003-20240306,C003,2024-03-06,6079,137,0.022552,121.24
IMP-C003-20240307,C003,2024-03-07,7754,180,0.023255,144.62
IMP-C003-20240308,C003,2024-03-08,5932,285,0.048109,313.73
IMP-C003-20240309,C003,2024-03-09,6490,309,0.047652,283.04
IMP-C003-20240310,C003,2024-03-10,7382,517,0.070102,660.0
IMP-C003-20240311,C003,2024-03-11,5346,307,0.057446,406.29
IMP-C003-20240312,C003,2024-03-12,5646,323,0.057282,497.87
IMP-C003-20240313,C003,2024-03-13,5697,177,0.031237,245.2
IMP-C003-20240314,C003,2024-03-14,8457,450,0.053272,531.98
IMP-C003-20240315,C003,2024-03-15,8693,218,0.025103,303.93
IMP-C003-20240316,C003,2024-03-16,10235,425,0.041559,453.46
IMP-C003-20240317,C003,2024-03-17,4888,257,0.052714,321.67
IMP-C003-20240318,C003,2024-03-18,7796,482,0.061865,472.25
IMP-C003-20240319,C003,2024-03-19,9037,268,0.029705,287.55
IMP-C003-20240320,C003,2024-03-20,7574,366,0.04838,354.71
IMP-C003-20240321,C003,2024-03-21,7659,439,0.057391,416.6
IMP-C003-20240322,C003,2024-03-22,4738,337,0.071244,503.63
IMP-C003-20240323,C003,2024-03-23,5361,296,0.055346,275.02
IMP-C003-20240324,C003,2024-03-24,8441,417,0.049413,421.04
IMP-C003-20240325,C003,2024-03-25,6368,220,0.034642,177.13
IMP-C003-20240326,C003,2024-03-26,6272,275,0.043992,237.95
IMP-C003-20240327,C003,2024-03-27,9270,623,0.067309,564.43
IMP-C003-20240328,C003,2024-03-28,8394,440,0.052495,537.5
IMP-C003-20240329,C003,2024-03-29,8070,453,0.05614,554.78
IMP-C003-20240330,C003,2024-03-30,5469,317,0.058037,426.74
IMP-C003-20240331,C003,2024-03-31,6408,292,0.045569,375.22
IMP-C004-20240301,C004,2024-03-01,3752,229,0.061095,299.8
IMP-C004-20240302,C004,2024-03-02,3181,77,0.024284,53.22
IMP-C004-20240303,C004,2024-03-03,4674,194,0.041537,200.98
IMP-C004-20240304,C004,2024-03-04,2634,145,0.055394,60.65
IMP-C004-20240305,C004,2024-03-05,5662,424,0.074888,156.88
IMP-C004-20240306,C004,2024-03-06,3415,197,0.057894,95.32
IMP-C004-20240307,C004,2024-03-07,3915,177,0.045381,17.7
IMP-C004-20240308,C004,2024-03-08,3946,136,0.034654,61.48
IMP-C004-20240309,C004,2024-03-09,5389,140,0.026152,118.15
IMP-C004-20240310,C004,2024-03-10,3683,150,0.040804,125.57
IMP-C004-20240311,C004,2024-03-11,4296,230,0.053559,204.8
IMP-C004-20240312,C004,2024-03-12,3632,130,0.035816,35.68
IMP-C004-20240313,C004,2024-03-13,3142,280,0.089236,272.55
IMP-C004-20240314,C004,2024-03-14,2622,65,0.025163,48.4
IMP-C004-20240315,C004,2024-03-15,4501,239,0.053233,125.12
IMP-C004-20240316,C004,2024-03-16,3835,191,0.049918,119.52
IMP-C004-20240317,C004,2024-03-17,1762,73,0.041553,25.15
IMP-C004-20240318,C004,2024-03-18,4133,371,0.089779,263.5
IMP-C004-20240319,C004,2024-03-19,3649,214,0.058827,159.39
IMP-C004-20240320,C004,2024-03-20,4375,236,0.054103,287.2
IMP-C004-20240321,C004,2024-03-21,2840,147,0.052104,47.35
IMP-C004-20240322,C004,2024-03-22,4509,140,0.03122,66.47
IMP-C004-20240323,C004,2024-03-23,3667,218,0.059637,190.87
IMP-C004-20240324,C004,2024-03-24,2726,124,0.045824,48.0
IMP-C004-20240325,C004,2024-03-25,2714,113,0.041745,57.34
IMP-C004-20240326,C004,2024-03-26,6362,327,0.051494,61.06
IMP-C004-20240327,C004,2024-03-27,3400,205,0.060321,251.44
IMP-C004-20240328,C004,2024-03-28,2389,40,0.016801,46.45
IMP-C004-20240329,C004,2024-03-29,4345,138,0.031976,104.93
IMP-C004-20240330,C004,2024-03-30,1350,60,0.045051,41.9
IMP-C004-20240331,C004,2024-03-31,4875,145,0.029792,90.73
IMP-C004-20240401,C004,2024-04-01,3043,148,0.048831,49.05
IMP-C004-20240402,C004,2024-04-02,3555,106,0.030063,84.31
IMP-C004-20240403,C004,2024-04-03,4809,199,0.041481,121.68
IMP-C004-20240404,C004,2024-04-04,2525,102,0.040505,59.66
IMP-C004-20240405,C004,2024-04-05,6554,185,0.02832,192.26
IMP-C004-20240406,C004,2024-04-06,4946,243,0.04921,274.0
IMP-C004-20240407,C004,2024-04-07,4328,220,0.050837,128.49
IMP-C004-20240408,C004,2024-04-08,5171,317,0.061447,130.7
IMP-C004-20240409,C004,2024-04-09,2653,111,0.041955,39.96
IMP-C004-20240410,C004,2024-04-10,3897,247,0.063562,114.31
IMP-C004-20240411,C004,2024-04-11,3917,179,0.04587,152.96
IMP-C004-20240412,C004,2024-04-12,1735,62,0.035899,41.13
IMP-C004-20240413,C004,2024-04-13,5148,193,0.037621,19.3
IMP-C004-20240414,C004,2024-04-14,4573,162,0.03547,39.38
IMP-C004-20240415,C004,2024-04-15,3341,141,0.042232,59.02
IMP-C004-20240416,C004,2024-04-16,1776,103,0.058456,101.19
IMP-C004-20240417,C004,2024-04-17,4605,128,0.027935,69.06
IMP-C004-20240418,C004,2024-04-18,3953,213,0.053982,170.51
IMP-C004-20240419,C004,2024-04-19,3233,149,0.04623,109.84
IMP-C004-20240420,C004,2024-04-20,5401,300,0.055568,251.02
IMP-C004-20240421,C004,2024-04-21,4042,267,0.066157,193.02
IMP-C004-20240422,C004,2024-04-22,3107,205,0.066051,165.92
IMP-C004-20240423,C004,2024-04-23,3521,133,0.037808,91.63
IMP-C004-20240424,C004,2024-04-24,4418,211,0.047959,146.31
IMP-C004-20240425,C004,2024-04-25,5642,344,0.061073,226.07
IMP-C004-20240426,C004,2024-04-26,4891,144,0.029512,103.59
IMP-C004-20240427,C004,2024-04-27,5751,239,0.041729,82.62
IMP-C004-20240428,C004,2024-04-28,3314,94,0.028656,34.27
IMP-C004-20240429,C004,2024-04-29,3593,85,0.023916,51.4
IMP-C004-20240430,C004,2024-04-30,4853,152,0.031384,160.48
IMP-C004-20240501,C004,2024-05-01,4059,245,0.060459,98.65
IMP-C004-20240502,C004,2024-05-02,4369,125,0.028621,108.38
IMP-C004-20240503,C004,2024-05-03,3754,200,0.053299,49.46
IMP-C004-20240504,C004,2024-05-04,2794,150,0.053958,47.32
IMP-C004-20240505,C004,2024-05-05,4016,98,0.024493,83.74
IMP-C004-20240506,C004,2024-05-06,2490,132,0.053284,103.97
IMP-C004-20240507,C004,2024-05-07,2972,159,0.05373,107.82
IMP-C004-20240508,C004,2024-05-08,3115,93,0.029872,9.3
IMP-C004-20240509,C004,2024-05-09,3914,84,0.021528,52.8
IMP-C004-20240510,C004,2024-05-10,3362,185,0.055187,94.24
IMP-C004-20240511,C004,2024-05-11,3303,184,0.055978,128.9
IMP-C004-20240512,C004,2024-05-12,3884,202,0.052039,28.14
IMP-C004-20240513,C004,2024-05-13,4281,231,0.054187,68.14
IMP-C004-20240514,C004,2024-05-14,3380,150,0.04441,83.95
IMP-C004-20240515,C004,2024-05-15,3900,259,0.066471,239.45
IMP-C004-20240516,C004,2024-05-16,2419,131,0.054331,130.83
IMP-C004-20240517,C004,2024-05-17,3948,242,0.061365,291.29
IMP-C004-20240518,C004,2024-05-18,4521,220,0.04874,200.98
IMP-C004-20240519,C004,2024-05-19,3730,169,0.045359,83.58
IMP-C004-20240520,C004,2024-05-20,5007,163,0.032724,172.73
IMP-C004-20240521,C004,2024-05-21,4049,97,0.02401,68.9
IMP-C004-20240522,C004,2024-05-22,1709,92,0.054383,79.63
IMP-C004-20240523,C004,2024-05-23,3066,143,0.046853,169.63
IMP-C004-20240524,C004,2024-05-24,3144,91,0.029116,95.05
IMP-C004-20240525,C004,2024-05-25,5366,241,0.045055,217.73
IMP-C004-20240526,C004,2024-05-26,4807,162,0.033863,73.61
IMP-C004-20240527,C004,2024-05-27,4707,330,0.070275,253.73
IMP-C004-20240528,C004,2024-05-28,2808,210,0.074806,92.55
IMP-C004-20240529,C004,2024-05-29,3298,165,0.050135,175.93
IMP-C004-20240530,C004,2024-05-30,4368,223,0.051223,164.79
IMP-C004-20240531,C004,2024-05-31,3639,194,0.053372,19.4
IMP-C004-20240601,C004,2024-06-01,3333,162,0.04862,41.26
IMP-C004-20240602,C004,2024-06-02,3947,165,0.041933,185.9
IMP-C004-20240603,C004,2024-06-03,5015,190,0.038013,105.4
IMP-C004-20240604,C004,2024-06-04,3533,135,0.038225,88.9
IMP-C004-20240605,C004,2024-06-05,2917,81,0.028041,63.73
IMP-C004-20240606,C004,2024-06-06,4166,137,0.032935,119.0
IMP-C004-20240607,C004,2024-06-07,3031,147,0.048797,124.38
IMP-C004-20240608,C004,2024-06-08,3569,184,0.051821,81.89
IMP-C004-20240609,C004,2024-06-09,3423,143,0.041912,53.77
IMP-C004-20240610,C004,2024-06-10,3440,74,0.021771,33.5
IMP-C004-20240611,C004,2024-06-11,3343,137,0.041157,72.27
IMP-C004-20240612,C004,2024-06-12,3544,184,0.052192,158.67
IMP-C004-20240613,C004,2024-06-13,3015,81,0.026952,23.28
IMP-C004-20240614,C004,2024-06-14,3161,125,0.039721,46.13
IMP-C004-20240615,C004,2024-06-15,2433,92,0.038158,60.21
IMP-C004-20240616,C004,2024-06-16,4135,151,0.036639,71.89
IMP-C004-20240617,C004,2024-06-17,2765,123,0.044528,42.49
IMP-C004-20240618,C004,2024-06-18,4115,74,0.018212,36.42
IMP-C004-20240619,C004,2024-06-19,3870,184,0.047758,259.06
IMP-C004-20240620,C004,2024-06-20,3914,117,0.029939,66.85
IMP-C004-20240621,C004,2024-06-21,2001,87,0.043791,30.46
IMP-C004-20240622,C004,2024-06-22,4423,162,0.036757,91.53
IMP-C004-20240623,C004,2024-06-23,3027,215,0.071083,108.28
IMP-C004-20240624,C004,2024-06-24,5249,300,0.057212,223.39
IMP-C004-20240625,C004,2024-06-25,3931,200,0.050907,20.0
IMP-C004-20240626,C004,2024-06-26,3349,193,0.057677,112.97
IMP-C004-20240627,C004,2024-06-27,2335,103,0.044214,114.46
IMP-C004-20240628,C004,2024-06-28,4722,208,0.04407,184.17
IMP-C004-20240629,C004,2024-06-29,3270,63,0.019442,20.33
IMP-C004-20240630,C004,2024-06-30,5006,204,0.04089,107.5
IMP-C004-20240701,C004,2024-07-01,3330,244,0.073562,265.42
IMP-C004-20240702,C004,2024-07-02,5596,238,0.042614,163.91
IMP-C004-20240703,C004,2024-07-03,2235,150,0.067154,37.45
IMP-C004-20240704,C004,2024-07-04,3795,108,0.02854,45.72
IMP-C004-20240705,C004,2024-07-05,2846,102,0.035882,44.7
IMP-C004-20240706,C004,2024-07-06,3106,178,0.0575,47.8
IMP-C004-20240707,C004,2024-07-07,3798,240,0.063269,107.05
IMP-C004-20240708,C004,2024-07-08,2953,122,0.041542,116.38
IMP-C004-20240709,C004,2024-07-09,3774,139,0.037032,103.58
IMP-C004-20240710,C004,2024-07-10,2607,143,0.05522,103.33
IMP-C004-20240711,C004,2024-07-11,3322,107,0.032421,35.74
IMP-C004-20240712,C004,2024-07-12,4081,258,0.063435,105.47
IMP-C004-20240713,C004,2024-07-13,4012,54,0.013695,22.93
IMP-C004-20240714,C004,2024-07-14,3572,111,0.031355,35.41
IMP-C004-20240715,C004,2024-07-15,2998,148,0.049383,80.48
IMP-C004-20240716,C004,2024-07-16,1585,20,0.013189,8.36
IMP-C004-20240717,C004,2024-07-17,4011,20,0.005,9.0
IMP-C004-20240718,C004,2024-07-18,3126,205,0.065825,99.32
IMP-C004-20240719,C004,2024-07-19,3944,185,0.047119,18.5
IMP-C004-20240720,C004,2024-07-20,4291,206,0.048231,155.01
IMP-C004-20240721,C004,2024-07-21,7133,97,0.013738,108.39
IMP-C004-20240722,C004,2024-07-22,3341,164,0.04931,96.16
IMP-C004-20240723,C004,2024-07-23,3218,117,0.036453,81.77
IMP-C004-20240724,C004,2024-07-24,2234,125,0.056259,59.39
IMP-C004-20240725,C004,2024-07-25,2582,98,0.03825,95.76
IMP-C004-20240726,C004,2024-07-26,3118,157,0.050377,59.77
IMP-C004-20240727,C004,2024-07-27,4282,236,0.055283,272.48
IMP-C004-20240728,C004,2024-07-28,3441,189,0.05503,118.96
IMP-C004-20240729,C004,2024-07-29,4766,163,0.034218,134.23
IMP-C004-20240730,C004,2024-07-30,3424,150,0.044037,94.13
IMP-C004-20240731,C004,2024-07-31,3827,165,0.043257,109.63
IMP-C004-20240801,C004,2024-08-01,5020,300,0.059782,258.22
IMP-C004-20240802,C004,2024-08-02,3190,100,0.031661,88.66
IMP-C004-20240803,C004,2024-08-03,4388,294,0.06709,123.13
IMP-C004-20240804,C004,2024-08-04,3393,69,0.020408,33.28
IMP-C004-20240805,C004,2024-08-05,4496,170,0.038003,134.66
IMP-C004-20240806,C004,2024-08-06,3428,170,0.049861,43.47
IMP-C004-20240807,C004,2024-08-07,3676,18,0.005,9.79
IMP-C004-20240808,C004,2024-08-08,2132,134,0.06309,111.65
IMP-C004-20240809,C004,2024-08-09,4020,272,0.067815,85.77
IMP-C004-20240810,C004,2024-08-10,5172,305,0.058983,161.36
IMP-C004-20240811,C004,2024-08-11,4622,131,0.028406,46.2
IMP-C004-20240812,C004,2024-08-12,3052,113,0.037065,31.98
IMP-C004-20240813,C004,2024-08-13,4700,193,0.041117,136.21
IMP-C004-20240814,C004,2024-08-14,3086,54,0.017691,36.77
IMP-C004-20240815,C004,2024-08-15,1878,82,0.04397,15.54
IMP-C004-20240816,C004,2024-08-16,5388,316,0.05867,199.63
IMP-C004-20240817,C004,2024-08-17,4737,153,0.032305,116.75
IMP-C004-20240818,C004,2024-08-18,3779,185,0.04896,181.62
IMP-C004-20240819,C004,2024-08-19,4259,210,0.049331,21.74
IMP-C004-20240820,C004,2024-08-20,2735,118,0.043159,74.11
IMP-C004-20240821,C004,2024-08-21,2582,209,0.081175,220.48
IMP-C004-20240822,C004,2024-08-22,4141,190,0.046081,101.9
IMP-C004-20240823,C004,2024-08-23,2743,126,0.046162,85.34
IMP-C004-20240824,C004,2024-08-24,2482,124,0.050013,68.62
IMP-C004-20240825,C004,2024-08-25,1882,60,0.032094,28.56
IMP-C004-20240826,C004,2024-08-26,5298,282,0.053348,56.22
IMP-C004-20240827,C004,2024-08-27,4037,87,0.02179,80.46
IMP-C004-20240828,C004,2024-08-28,3175,138,0.043595,137.69
IMP-C004-20240829,C004,2024-08-29,2441,58,0.024043,24.65
IMP-C004-20240830,C004,2024-08-30,4534,100,0.02221,10.0
IMP-C004-20240831,C004,2024-08-31,3193,170,0.053276,163.21
IMP-C004-20240901,C004,2024-09-01,3183,123,0.038829,116.38
IMP-C004-20240902,C004,2024-09-02,1917,75,0.039172,49.28
IMP-C004-20240903,C004,2024-09-03,4004,149,0.037353,90.94
IMP-C004-20240904,C004,2024-09-04,1360,47,0.035126,34.59
IMP-C004-20240905,C004,2024-09-05,2715,124,0.045885,91.02
IMP-C004-20240906,C004,2024-09-06,3291,156,0.047557,48.54
IMP-C004-20240907,C004,2024-09-07,3414,184,0.054153,119.06
IMP-C004-20240908,C004,2024-09-08,3072,148,0.048363,120.53
IMP-C004-20240909,C004,2024-09-09,1755,109,0.062386,54.4
IMP-C004-20240910,C004,2024-09-10,3982,250,0.062959,47.12
IMP-C004-20240911,C004,2024-09-11,2961,120,0.040672,43.78
IMP-C004-20240912,C004,2024-09-12,5161,165,0.032148,71.5
IMP-C004-20240913,C004,2024-09-13,3783,102,0.026968,49.09
IMP-C004-20240914,C004,2024-09-14,3885,155,0.040007,88.66
IMP-C004-20240915,C004,2024-09-15,3123,69,0.022283,48.06
IMP-C004-20240916,C004,2024-09-16,5179,234,0.045276,156.21
IMP-C004-20240917,C004,2024-09-17,4223,109,0.02596,121.07
IMP-C004-20240918,C004,2024-09-18,3782,262,0.069478,99.58
IMP-C004-20240919,C004,2024-09-19,5236,296,0.056627,226.71
IMP-C004-20240920,C004,2024-09-20,3810,157,0.041272,150.75
IMP-C004-20240921,C004,2024-09-21,3726,57,0.015494,15.1
IMP-C004-20240922,C004,2024-09-22,3432,170,0.04965,99.11
IMP-C004-20240923,C004,2024-09-23,4697,73,0.015733,46.94
IMP-C004-20240924,C004,2024-09-24,1963,110,0.056396,62.88
IMP-C004-20240925,C004,2024-09-25,3977,127,0.032042,124.95
IMP-C004-20240926,C004,2024-09-26,4537,243,0.053753,136.36
IMP-C004-20240927,C004,2024-09-27,4121,141,0.034397,120.79
IMP-C004-20240928,C004,2024-09-28,5084,310,0.061059,118.15
IMP-C004-20240929,C004,2024-09-29,3925,100,0.025603,77.17
IMP-C004-20240930,C004,2024-09-30,4005,67,0.016953,16.85
IMP-C004-20241001,C004,2024-10-01,3345,135,0.040487,32.02
IMP-C004-20241002,C004,2024-10-02,3950,192,0.048772,104.01
IMP-C004-20241003,C004,2024-10-03,2919,177,0.060731,194.1
IMP-C004-20241004,C004,2024-10-04,3164,113,0.035817,84.45
IMP-C004-20241005,C004,2024-10-05,3277,140,0.042909,115.07
IMP-C004-20241006,C004,2024-10-06,1881,121,0.064775,75.24
IMP-C004-20241007,C004,2024-10-07,3229,140,0.043661,82.42
IMP-C004-20241008,C004,2024-10-08,2041,137,0.067424,83.9
IMP-C004-20241009,C004,2024-10-09,3998,236,0.059273,69.3
IMP-C004-20241010,C004,2024-10-10,4026,165,0.040985,140.92
IMP-C004-20241011,C004,2024-10-11,1685,73,0.043514,30.6
IMP-C004-20241012,C004,2024-10-12,3989,207,0.052051,80.26
IMP-C004-20241013,C004,2024-10-13,2959,128,0.04334,42.37
IMP-C004-20241014,C004,2024-10-14,4357,171,0.039462,17.1
IMP-C004-20241015,C004,2024-10-15,3262,95,0.029422,10.51
IMP-C004-20241016,C004,2024-10-16,2486,115,0.046641,114.84
IMP-C004-20241017,C004,2024-10-17,3881,139,0.035902,102.41
IMP-C004-20241018,C004,2024-10-18,3186,110,0.034581,27.91
IMP-C004-20241019,C004,2024-10-19,2023,79,0.039151,51.15
IMP-C004-20241020,C004,2024-10-20,3513,136,0.03876,43.01
IMP-C004-20241021,C004,2024-10-21,4147,104,0.025243,86.61
IMP-C004-20241022,C004,2024-10-22,2698,90,0.033713,14.4
IMP-C004-20241023,C004,2024-10-23,3148,187,0.05963,141.13
IMP-C004-20241024,C004,2024-10-24,4480,236,0.052832,63.46
IMP-C004-20241025,C004,2024-10-25,3302,109,0.033297,108.91
IMP-C004-20241026,C004,2024-10-26,2522,147,0.058405,127.58
IMP-C004-20241027,C004,2024-10-27,5246,203,0.038855,165.18
IMP-C004-20241028,C004,2024-10-28,5653,202,0.035735,28.18
IMP-C004-20241029,C004,2024-10-29,1907,106,0.055691,10.6
IMP-C004-20241030,C004,2024-10-30,3264,168,0.05156,110.13
IMP-C004-20241031,C004,2024-10-31,3982,192,0.048334,188.86
IMP-C004-20241101,C004,2024-11-01,3565,124,0.034845,45.66
IMP-C004-20241102,C004,2024-11-02,5651,330,0.058506,242.67
IMP-C004-20241103,C004,2024-11-03,6064,165,0.027329,181.53
IMP-C004-20241104,C004,2024-11-04,6462,362,0.056034,330.0
IMP-C004-20241105,C004,2024-11-05,2741,101,0.037133,38.32
IMP-C004-20241106,C004,2024-11-06,5524,161,0.029248,133.19
IMP-C004-20241107,C004,2024-11-07,6283,348,0.055428,238.42
IMP-C004-20241108,C004,2024-11-08,3524,113,0.032297,110.16
IMP-C004-20241109,C004,2024-11-09,5591,248,0.044415,117.71
IMP-C004-20241110,C004,2024-11-10,2309,66,0.028937,77.45
IMP-C004-20241111,C004,2024-11-11,3181,152,0.047842,137.14
IMP-C004-20241112,C004,2024-11-12,3211,153,0.047771,134.85
IMP-C004-20241113,C004,2024-11-13,4694,413,0.088026,41.3
IMP-C004-20241114,C004,2024-11-14,5918,250,0.042408,207.89
IMP-C004-20241115,C004,2024-11-15,5196,176,0.034003,117.69
IMP-C004-20241116,C004,2024-11-16,2506,135,0.054049,93.08
IMP-C004-20241117,C004,2024-11-17,5427,330,0.060872,234.39
IMP-C004-20241118,C004,2024-11-18,4853,154,0.031784,59.5
IMP-C004-20241119,C004,2024-11-19,6068,403,0.066545,213.01
IMP-C004-20241120,C004,2024-11-20,4733,148,0.031431,140.87
IMP-C004-20241121,C004,2024-11-21,5458,404,0.074118,135.95
IMP-C004-20241122,C004,2024-11-22,4237,205,0.048472,162.76
IMP-C004-20241123,C004,2024-11-23,4427,141,0.031906,121.88
IMP-C004-20241124,C004,2024-11-24,5523,172,0.031256,173.14
IMP-C004-20241125,C004,2024-11-25,6049,284,0.047014,177.18
IMP-C004-20241126,C004,2024-11-26,5328,170,0.032074,103.53
IMP-C004-20241127,C004,2024-11-27,2161,125,0.058147,16.44
IMP-C004-20241128,C004,2024-11-28,6439,257,0.040048,137.88
IMP-C004-20241129,C004,2024-11-29,3945,160,0.040679,164.09
IMP-C004-20241130,C004,2024-11-30,1769,113,0.064154,79.26
IMP-C004-20241201,C004,2024-12-01,3267,94,0.02887,103.67
IMP-C004-20241202,C004,2024-12-02,3573,98,0.0277,92.24
IMP-C004-20241203,C004,2024-12-03,5076,157,0.030931,104.4
IMP-C004-20241204,C004,2024-12-04,3479,214,0.061512,196.54
IMP-C004-20241205,C004,2024-12-05,5302,267,0.050425,301.27
IMP-C004-20241206,C004,2024-12-06,4679,127,0.027272,93.32
IMP-C004-20241207,C004,2024-12-07,7120,212,0.029779,104.21
IMP-C004-20241208,C004,2024-12-08,5167,228,0.044191,69.61
IMP-C004-20241209,C004,2024-12-09,5992,478,0.079801,314.93
IMP-C004-20241210,C004,2024-12-10,3622,78,0.021766,52.84
IMP-C004-20241211,C004,2024-12-11,5971,311,0.052128,186.38
IMP-C004-20241212,C004,2024-12-12,3990,114,0.028618,96.95
IMP-C004-20241213,C004,2024-12-13,5749,125,0.021814,134.62
IMP-C004-20241214,C004,2024-12-14,5351,353,0.065994,69.67
IMP-C004-20241215,C004,2024-12-15,3081,131,0.042765,98.36
IMP-C004-20241216,C004,2024-12-16,6781,376,0.055591,198.23
IMP-C004-20241217,C004,2024-12-17,3479,220,0.06345,68.33
IMP-C004-20241218,C004,2024-12-18,6585,268,0.040734,288.68
IMP-C004-20241219,C004,2024-12-19,5474,235,0.042945,104.38
IMP-C004-20241220,C004,2024-12-20,4281,220,0.051425,137.09
IMP-C004-20241221,C004,2024-12-21,3985,169,0.042516,105.38
IMP-C004-20241222,C004,2024-12-22,2189,113,0.051873,34.59
IMP-C004-20241223,C004,2024-12-23,3330,65,0.01969,6.5
IMP-C004-20241224,C004,2024-12-24,3094,106,0.034365,125.71
IMP-C004-20241225,C004,2024-12-25,4064,193,0.047666,138.99
IMP-C004-20241226,C004,2024-12-26,4833,211,0.043838,50.94
IMP-C004-20241227,C004,2024-12-27,6377,459,0.072108,45.9
IMP-C004-20241228,C004,2024-12-28,3481,142,0.040803,44.11
IMP-C004-20241229,C004,2024-12-29,5271,179,0.034076,223.66
IMP-C004-20241230,C004,2024-12-30,6072,292,0.048189,265.16
IMP-C004-20241231,C004,2024-12-31,5973,218,0.036541,77.42
IMP-C005-20240101,C005,2024-01-01,4893,141,0.028893,141.24
IMP-C005-20240102,C005,2024-01-02,2907,45,0.015577,42.2
IMP-C005-20240103,C005,2024-01-03,4709,177,0.03778,96.32
IMP-C005-20240104,C005,2024-01-04,5406,183,0.033913,300.38
IMP-C005-20240105,C005,2024-01-05,4314,111,0.025931,125.53
IMP-C005-20240106,C005,2024-01-06,5034,106,0.021209,115.62
IMP-C005-20240107,C005,2024-01-07,1761,48,0.027457,47.9
IMP-C005-20240108,C005,2024-01-08,4533,173,0.038375,131.05
IMP-C005-20240109,C005,2024-01-09,4316,163,0.037932,115.79
IMP-C005-20240110,C005,2024-01-10,4139,86,0.020824,104.25
IMP-C005-20240111,C005,2024-01-11,5049,58,0.011659,46.42
IMP-C005-20240112,C005,2024-01-12,4071,87,0.021382,94.63
IMP-C005-20240113,C005,2024-01-13,5301,41,0.007792,52.45
IMP-C005-20240114,C005,2024-01-14,5103,168,0.033076,183.67
IMP-C005-20240115,C005,2024-01-15,6121,157,0.025732,214.13
IMP-C005-20240116,C005,2024-01-16,5426,115,0.021217,188.8
IMP-C005-20240117,C005,2024-01-17,5866,155,0.02659,89.45
IMP-C005-20240118,C005,2024-01-18,3254,79,0.024342,79.29
IMP-C005-20240119,C005,2024-01-19,4063,93,0.023128,133.6
IMP-C005-20240120,C005,2024-01-20,5634,72,0.012872,66.71
IMP-C005-20240121,C005,2024-01-21,3834,72,0.018898,60.19
IMP-C005-20240122,C005,2024-01-22,4226,50,0.011959,46.09
IMP-C005-20240123,C005,2024-01-23,4127,20,0.005,31.52
IMP-C005-20240124,C005,2024-01-24,6106,115,0.01899,111.05
IMP-C005-20240125,C005,2024-01-25,3394,120,0.035566,183.5
IMP-C005-20240126,C005,2024-01-26,4988,150,0.030188,151.89
IMP-C005-20240127,C005,2024-01-27,3195,59,0.018705,58.98
IMP-C005-20240128,C005,2024-01-28,4254,86,0.020251,80.2
IMP-C005-20240129,C005,2024-01-29,4702,105,0.022418,67.39
IMP-C005-20240130,C005,2024-01-30,3939,46,0.011723,57.65
IMP-C005-20240131,C005,2024-01-31,2273,70,0.031229,96.31
IMP-C005-20240201,C005,2024-02-01,4437,22,0.005,18.74
IMP-C005-20240202,C005,2024-02-02,4722,65,0.013915,52.35
IMP-C005-20240203,C005,2024-02-03,6636,181,0.027319,123.56
IMP-C005-20240204,C005,2024-02-04,2882,55,0.019384,49.28
IMP-C005-20240205,C005,2024-02-05,5395,95,0.017717,105.78
IMP-C005-20240206,C005,2024-02-06,7122,203,0.028524,191.95
IMP-C005-20240207,C005,2024-02-07,4580,87,0.019147,114.33
IMP-C005-20240208,C005,2024-02-08,4047,90,0.022362,87.78
IMP-C005-20240209,C005,2024-02-09,4197,46,0.01102,48.62
IMP-C005-20240210,C005,2024-02-10,4726,122,0.026002,97.59
IMP-C005-20240211,C005,2024-02-11,6264,93,0.014986,137.05
IMP-C005-20240212,C005,2024-02-12,2702,68,0.025478,74.98
IMP-C005-20240213,C005,2024-02-13,3845,97,0.025395,130.35
IMP-C005-20240214,C005,2024-02-14,2139,55,0.026022,11.66
IMP-C005-20240215,C005,2024-02-15,3641,127,0.035033,99.75
IMP-C005-20240216,C005,2024-02-16,3391,69,0.020416,109.05
IMP-C005-20240217,C005,2024-02-17,2601,35,0.01359,49.32
IMP-C005-20240218,C005,2024-02-18,7029,148,0.021173,87.07
IMP-C005-20240219,C005,2024-02-19,7315,254,0.034756,295.58
IMP-C005-20240220,C005,2024-02-20,3825,82,0.021608,74.78
IMP-C005-20240221,C005,2024-02-21,5197,174,0.033608,212.95
IMP-C005-20240222,C005,2024-02-22,3507,115,0.033012,121.2
IMP-C005-20240223,C005,2024-02-23,5624,189,0.033732,118.41
IMP-C005-20240224,C005,2024-02-24,4757,84,0.017748,41.13
IMP-C005-20240225,C005,2024-02-25,5216,219,0.042092,89.35
IMP-C005-20240226,C005,2024-02-26,4761,129,0.027124,128.6
IMP-C005-20240227,C005,2024-02-27,4664,54,0.011606,55.61
IMP-C005-20240228,C005,2024-02-28,3891,19,0.005,25.05
IMP-C005-20240229,C005,2024-02-29,5950,133,0.022413,136.82
IMP-C005-20240301,C005,2024-03-01,6698,159,0.023795,195.76
IMP-C005-20240302,C005,2024-03-02,4887,158,0.032496,166.89
IMP-C005-20240303,C005,2024-03-03,5536,65,0.01184,68.0
IMP-C005-20240304,C005,2024-03-04,4181,70,0.016894,50.08
IMP-C005-20240305,C005,2024-03-05,3872,151,0.038998,205.27
IMP-C005-20240306,C005,2024-03-06,7814,95,0.012217,93.23
IMP-C005-20240307,C005,2024-03-07,3572,58,0.016434,39.7
IMP-C005-20240308,C005,2024-03-08,6916,130,0.01883,166.47
IMP-C005-20240309,C005,2024-03-09,6077,245,0.040429,126.46
IMP-C005-20240310,C005,2024-03-10,6942,216,0.031172,144.29
IMP-C005-20240311,C005,2024-03-11,6609,163,0.024689,145.36
IMP-C005-20240312,C005,2024-03-12,4192,68,0.016247,107.1
IMP-C005-20240313,C005,2024-03-13,5280,149,0.028257,107.69
IMP-C005-20240314,C005,2024-03-14,4250,130,0.030656,72.17
IMP-C005-20240315,C005,2024-03-15,4731,105,0.022272,104.31
IMP-C005-20240316,C005,2024-03-16,5043,126,0.025167,147.15
IMP-C005-20240317,C005,2024-03-17,6249,88,0.014114,76.98
IMP-C005-20240318,C005,2024-03-18,6857,199,0.029157,109.08
IMP-C005-20240319,C005,2024-03-19,5743,35,0.006174,34.09
IMP-C005-20240320,C005,2024-03-20,7785,112,0.014417,79.49
IMP-C005-20240321,C005,2024-03-21,6288,60,0.009658,46.21
IMP-C005-20240322,C005,2024-03-22,6067,102,0.016926,90.7
IMP-C005-20240323,C005,2024-03-23,6262,158,0.025372,164.33
IMP-C005-20240324,C005,2024-03-24,4832,120,0.02496,110.75
IMP-C005-20240325,C005,2024-03-25,5884,106,0.018025,95.95
IMP-C005-20240326,C005,2024-03-26,3973,86,0.02172,61.64
IMP-C005-20240327,C005,2024-03-27,3809,91,0.024069,93.17
IMP-C005-20240328,C005,2024-03-28,6313,117,0.018551,126.64
IMP-C005-20240329,C005,2024-03-29,6007,153,0.025558,108.98
IMP-C005-20240330,C005,2024-03-30,5477,136,0.024913,130.85
IMP-C005-20240331,C005,2024-03-31,2525,58,0.023284,94.18
IMP-C005-20240401,C005,2024-04-01,4804,77,0.016175,82.54
IMP-C005-20240402,C005,2024-04-02,5692,179,0.031542,104.29
IMP-C005-20240403,C005,2024-04-03,6245,166,0.026723,152.28
IMP-C005-20240404,C005,2024-04-04,5727,173,0.030236,211.35
IMP-C005-20240405,C005,2024-04-05,3771,107,0.028561,100.64
IMP-C005-20240406,C005,2024-04-06,5376,121,0.022586,110.71
IMP-C005-20240407,C005,2024-04-07,6853,146,0.02133,91.12
IMP-C005-20240408,C005,2024-04-08,4760,111,0.02343,147.49
IMP-C005-20240409,C005,2024-04-09,6076,92,0.015196,156.91
IMP-C005-20240410,C005,2024-04-10,5629,181,0.032203,165.52
IMP-C005-20240411,C005,2024-04-11,5984,171,0.028716,226.65
IMP-C005-20240412,C005,2024-04-12,6675,193,0.028978,167.04
IMP-C005-20240413,C005,2024-04-13,4525,111,0.024661,137.63
IMP-C005-20240414,C005,2024-04-14,4986,152,0.030521,212.16
IMP-C005-20240415,C005,2024-04-15,4070,62,0.015305,56.91
IMP-C005-20240416,C005,2024-04-16,5686,101,0.017803,137.93
IMP-C005-20240417,C005,2024-04-17,5839,130,0.022316,68.8
IMP-C005-20240418,C005,2024-04-18,3543,85,0.024248,27.22
IMP-C005-20240419,C005,2024-04-19,6616,137,0.020735,264.81
IMP-C005-20240420,C005,2024-04-20,8326,171,0.020548,158.7
IMP-C005-20240421,C005,2024-04-21,6594,234,0.035625,109.65
IMP-C005-20240422,C005,2024-04-22,2921,49,0.017024,55.61
IMP-C005-20240423,C005,2024-04-23,5935,181,0.030558,108.62
IMP-C005-20240424,C005,2024-04-24,2222,64,0.028864,45.54
IMP-C005-20240425,C005,2024-04-25,2615,60,0.023161,71.88
IMP-C005-20240426,C005,2024-04-26,5118,93,0.018337,84.83
IMP-C005-20240427,C005,2024-04-27,4790,53,0.011216,39.52
IMP-C005-20240428,C005,2024-04-28,5968,146,0.024573,147.52
IMP-C005-20240429,C005,2024-04-29,3966,81,0.020548,24.86
IMP-C005-20240430,C005,2024-04-30,5515,184,0.033431,95.27
IMP-C005-20240501,C005,2024-05-01,4096,100,0.024633,133.59
IMP-C005-20240502,C005,2024-05-02,4262,70,0.016462,25.85
IMP-C005-20240503,C005,2024-05-03,4924,188,0.038337,196.12
IMP-C005-20240504,C005,2024-05-04,4773,117,0.024577,111.93
IMP-C005-20240505,C005,2024-05-05,3824,109,0.028586,112.02
IMP-C005-20240506,C005,2024-05-06,4821,68,0.014197,91.87
IMP-C005-20240507,C005,2024-05-07,5597,98,0.017577,123.53
IMP-C005-20240508,C005,2024-05-08,4202,66,0.015744,48.32
IMP-C005-20240509,C005,2024-05-09,2674,68,0.025772,27.92
IMP-C005-20240510,C005,2024-05-10,3325,17,0.005395,15.88
IMP-C005-20240511,C005,2024-05-11,4619,89,0.019386,57.6
IMP-C005-20240512,C005,2024-05-12,3393,87,0.025715,69.15
IMP-C005-20240513,C005,2024-05-13,5179,77,0.014918,78.1
IMP-C005-20240514,C005,2024-05-14,6363,169,0.026689,141.33
IMP-C005-20240515,C005,2024-05-15,5108,102,0.020075,98.16
IMP-C005-20240516,C005,2024-05-16,4409,91,0.020685,93.15
IMP-C005-20240517,C005,2024-05-17,3607,50,0.013873,27.17
IMP-C005-20240518,C005,2024-05-18,2879,35,0.012262,35.27
IMP-C005-20240519,C005,2024-05-19,3728,97,0.026109,94.13
IMP-C005-20240520,C005,2024-05-20,2437,66,0.02724,79.41
IMP-C005-20240521,C005,2024-05-21,3607,91,0.025362,63.98
IMP-C005-20240522,C005,2024-05-22,4917,58,0.011884,24.48
IMP-C005-20240523,C005,2024-05-23,4340,91,0.02101,76.5
IMP-C005-20240524,C005,2024-05-24,3379,63,0.018801,65.57
IMP-C005-20240525,C005,2024-05-25,4746,111,0.02346,84.25
IMP-C005-20240526,C005,2024-05-26,6206,78,0.012591,86.29
IMP-C005-20240527,C005,2024-05-27,6218,160,0.025847,143.88
IMP-C005-20240528,C005,2024-05-28,4166,126,0.030289,67.17
IMP-C005-20240529,C005,2024-05-29,3635,68,0.01882,90.53
IMP-C005-20240530,C005,2024-05-30,5255,74,0.014256,64.15
IMP-C005-20240531,C005,2024-05-31,4062,66,0.016322,82.74
IMP-C005-20240601,C005,2024-06-01,3153,109,0.03487,131.72
IMP-C005-20240602,C005,2024-06-02,6109,111,0.018296,101.57
IMP-C005-20240603,C005,2024-06-03,3080,54,0.017803,59.84
IMP-C005-20240604,C005,2024-06-04,6355,83,0.013143,70.58
IMP-C005-20240605,C005,2024-06-05,4618,50,0.010834,56.87
IMP-C005-20240606,C005,2024-06-06,3931,80,0.020437,65.95
IMP-C005-20240607,C005,2024-06-07,3852,84,0.021944,75.21
IMP-C005-20240608,C005,2024-06-08,4353,70,0.016172,73.91
IMP-C005-20240609,C005,2024-06-09,6784,156,0.023119,196.38
IMP-C005-20240610,C005,2024-06-10,3131,72,0.023262,45.42
IMP-C005-20240611,C005,2024-06-11,3027,48,0.016085,63.24
IMP-C005-20240612,C005,2024-06-12,5940,142,0.023944,71.03
IMP-C005-20240613,C005,2024-06-13,4564,111,0.024414,112.41
IMP-C005-20240614,C005,2024-06-14,2587,38,0.014877,35.75
IMP-C005-20240615,C005,2024-06-15,5443,27,0.005,24.61
IMP-C005-20240616,C005,2024-06-16,4971,143,0.028797,167.0
IMP-C005-20240617,C005,2024-06-17,5499,85,0.0156,32.95
IMP-C005-20240618,C005,2024-06-18,4328,129,0.030013,177.77
IMP-C005-20240619,C005,2024-06-19,5652,143,0.025435,153.57
IMP-C005-20240620,C005,2024-06-20,4132,86,0.02096,125.62
IMP-C005-20240621,C005,2024-06-21,3668,128,0.034918,110.51
IMP-C005-20240622,C005,2024-06-22,6390,68,0.010745,77.23
IMP-C005-20240623,C005,2024-06-23,3915,41,0.010678,42.05
IMP-C005-20240624,C005,2024-06-24,6011,91,0.01524,46.44
IMP-C005-20240625,C005,2024-06-25,4689,99,0.021301,111.33
IMP-C005-20240626,C005,2024-06-26,5939,127,0.021525,192.61
IMP-C005-20240627,C005,2024-06-27,5069,97,0.019229,46.22
IMP-C005-20240628,C005,2024-06-28,4484,86,0.019309,107.34
IMP-C005-20240629,C005,2024-06-29,5354,67,0.012565,67.78
IMP-C005-20240630,C005,2024-06-30,5605,191,0.034224,234.21
IMP-C006-20240101,C006,2024-01-01,9997,224,0.022481,429.29
IMP-C006-20240102,C006,2024-01-02,11023,124,0.011338,210.2
IMP-C006-20240103,C006,2024-01-03,6777,169,0.025033,366.57
IMP-C006-20240104,C006,2024-01-04,7146,35,0.005,58.67
IMP-C006-20240105,C006,2024-01-05,10318,271,0.026301,522.61
IMP-C006-20240106,C006,2024-01-06,7812,91,0.011768,177.87
IMP-C006-20240107,C006,2024-01-07,6648,262,0.039473,516.44
IMP-C006-20240108,C006,2024-01-08,7180,122,0.017109,216.2
IMP-C006-20240109,C006,2024-01-09,7897,244,0.030935,452.85
IMP-C006-20240110,C006,2024-01-10,6863,254,0.037124,460.96
IMP-C006-20240111,C006,2024-01-11,10014,171,0.017134,326.43
IMP-C006-20240112,C006,2024-01-12,9053,62,0.006883,149.08
IMP-C006-20240113,C006,2024-01-13,11110,209,0.018822,307.09
IMP-C006-20240114,C006,2024-01-14,9129,207,0.022694,394.69
IMP-C006-20240115,C006,2024-01-15,8802,229,0.02605,511.63
IMP-C006-20240116,C006,2024-01-16,9593,130,0.013603,287.14
IMP-C006-20240117,C006,2024-01-17,11845,559,0.047216,770.0
IMP-C006-20240118,C006,2024-01-18,8910,47,0.005343,92.4
IMP-C006-20240119,C006,2024-01-19,7248,270,0.037388,423.26
IMP-C006-20240120,C006,2024-01-20,4852,88,0.01823,106.25
IMP-C006-20240121,C006,2024-01-21,9977,54,0.005479,97.66
IMP-C006-20240122,C006,2024-01-22,4036,78,0.019438,178.86
IMP-C006-20240123,C006,2024-01-23,9157,138,0.015092,247.11
IMP-C006-20240124,C006,2024-01-24,8437,217,0.025781,301.62
IMP-C006-20240125,C006,2024-01-25,9644,48,0.005,77.33
IMP-C006-20240126,C006,2024-01-26,7374,199,0.027067,359.55
IMP-C006-20240127,C006,2024-01-27,5448,76,0.01412,141.33
IMP-C006-20240128,C006,2024-01-28,8233,142,0.017367,235.12
IMP-C006-20240129,C006,2024-01-29,9861,176,0.017858,312.15
IMP-C006-20240130,C006,2024-01-30,12956,137,0.010611,170.49
IMP-C006-20240131,C006,2024-01-31,10045,166,0.016571,282.95
IMP-C006-20240201,C006,2024-02-01,6759,134,0.019922,305.46
IMP-C006-20240202,C006,2024-02-02,10084,291,0.028898,400.16
IMP-C006-20240203,C006,2024-02-03,5982,29,0.005,45.16
IMP-C006-20240204,C006,2024-02-04,10409,272,0.026136,471.52
IMP-C006-20240205,C006,2024-02-05,8353,137,0.016489,255.02
IMP-C006-20240206,C006,2024-02-06,10008,90,0.009073,170.09
IMP-C006-20240207,C006,2024-02-07,10358,193,0.018679,387.97
IMP-C006-20240208,C006,2024-02-08,14310,302,0.021165,579.23
IMP-C006-20240209,C006,2024-02-09,6850,160,0.02345,310.09
IMP-C006-20240210,C006,2024-02-10,8809,121,0.013842,225.29
IMP-C006-20240211,C006,2024-02-11,11470,293,0.025589,611.96
IMP-C006-20240212,C006,2024-02-12,7902,221,0.027999,416.32
IMP-C006-20240213,C006,2024-02-13,6403,157,0.024548,235.89
IMP-C006-20240214,C006,2024-02-14,7070,166,0.023515,313.6
IMP-C006-20240215,C006,2024-02-15,5902,179,0.030432,352.92
IMP-C006-20240216,C006,2024-02-16,6920,67,0.009699,117.69
IMP-C006-20240217,C006,2024-02-17,7463,170,0.022905,287.48
IMP-C006-20240218,C006,2024-02-18,4184,79,0.018893,134.96
IMP-C006-20240219,C006,2024-02-19,9730,159,0.016414,366.27
IMP-C006-20240220,C006,2024-02-20,4385,142,0.032489,246.04
IMP-C006-20240221,C006,2024-02-21,10205,231,0.022638,494.77
IMP-C006-20240222,C006,2024-02-22,7586,100,0.013211,222.62
IMP-C006-20240223,C006,2024-02-23,8161,194,0.023772,421.06
IMP-C006-20240224,C006,2024-02-24,6232,166,0.026764,269.42
IMP-C006-20240225,C006,2024-02-25,8122,183,0.022578,247.04
IMP-C006-20240226,C006,2024-02-26,6764,221,0.032809,456.55
IMP-C006-20240227,C006,2024-02-27,8268,197,0.023945,337.21
IMP-C006-20240228,C006,2024-02-28,11248,229,0.020397,428.13
IMP-C006-20240229,C006,2024-02-29,10806,170,0.015781,385.5
IMP-C006-20240301,C006,2024-03-01,5704,199,0.035037,335.95
IMP-C006-20240302,C006,2024-03-02,8679,59,0.00688,98.15
IMP-C006-20240303,C006,2024-03-03,6838,117,0.017139,205.78
IMP-C006-20240304,C006,2024-03-04,11452,270,0.023661,510.92
IMP-C006-20240305,C006,2024-03-05,6709,100,0.014954,233.96
IMP-C006-20240306,C006,2024-03-06,7541,265,0.03525,457.68
IMP-C006-20240307,C006,2024-03-07,9245,282,0.030563,615.2
IMP-C006-20240308,C006,2024-03-08,8984,169,0.018894,301.36
IMP-C006-20240309,C006,2024-03-09,10020,291,0.02913,524.17
IMP-C006-20240310,C006,2024-03-10,10669,374,0.035107,715.98
IMP-C006-20240311,C006,2024-03-11,9959,98,0.009849,99.06
IMP-C006-20240312,C006,2024-03-12,10137,215,0.021241,353.8
IMP-C006-20240313,C006,2024-03-13,9802,210,0.021517,449.05
IMP-C006-20240314,C006,2024-03-14,9438,151,0.016025,316.65
IMP-C006-20240315,C006,2024-03-15,8738,229,0.026212,379.4
IMP-C006-20240316,C006,2024-03-16,7738,175,0.022673,315.67
IMP-C006-20240317,C006,2024-03-17,10348,205,0.019851,256.06
IMP-C006-20240318,C006,2024-03-18,8240,233,0.028351,398.61
IMP-C006-20240319,C006,2024-03-19,8670,259,0.029891,410.88
IMP-C006-20240320,C006,2024-03-20,5676,117,0.020715,193.61
IMP-C006-20240321,C006,2024-03-21,7007,144,0.020597,280.43
IMP-C006-20240322,C006,2024-03-22,9218,225,0.024456,527.41
IMP-C006-20240323,C006,2024-03-23,8447,204,0.024227,336.04
IMP-C006-20240324,C006,2024-03-24,7284,126,0.017321,208.7
IMP-C006-20240325,C006,2024-03-25,10070,410,0.040793,649.93
IMP-C006-20240326,C006,2024-03-26,8277,177,0.021495,339.62
IMP-C006-20240327,C006,2024-03-27,9848,317,0.032273,339.85
IMP-C006-20240328,C006,2024-03-28,3726,67,0.018033,142.66
IMP-C006-20240329,C006,2024-03-29,5623,28,0.005,55.2
IMP-C006-20240330,C006,2024-03-30,9802,130,0.013278,195.56
IMP-C006-20240331,C006,2024-03-31,6999,160,0.022884,257.94
IMP-C006-20240401,C006,2024-04-01,10381,51,0.005,78.69
IMP-C006-20240402,C006,2024-04-02,6638,132,0.019949,216.29
IMP-C006-20240403,C006,2024-04-03,11083,78,0.007125,141.46
IMP-C006-20240404,C006,2024-04-04,10529,388,0.036853,642.32
IMP-C006-20240405,C006,2024-04-05,9989,75,0.007569,81.18
IMP-C006-20240406,C006,2024-04-06,11191,245,0.021956,527.62
IMP-C006-20240407,C006,2024-04-07,6067,158,0.026159,372.98
IMP-C006-20240408,C006,2024-04-08,10209,247,0.024213,445.23
IMP-C006-20240409,C006,2024-04-09,5611,184,0.032845,297.48
IMP-C006-20240410,C006,2024-04-10,10405,98,0.009496,141.72
IMP-C006-20240411,C006,2024-04-11,12555,241,0.019222,538.87
IMP-C006-20240412,C006,2024-04-12,9059,65,0.007265,134.4
IMP-C006-20240413,C006,2024-04-13,7877,217,0.02759,392.24
IMP-C006-20240414,C006,2024-04-14,5675,132,0.023314,324.57
IMP-C006-20240415,C006,2024-04-15,10378,223,0.02154,473.34
IMP-C006-20240416,C006,2024-04-16,9726,230,0.023676,338.68
IMP-C006-20240417,C006,2024-04-17,9780,296,0.030284,458.56
IMP-C006-20240418,C006,2024-04-18,12530,266,0.021266,407.96
IMP-C006-20240419,C006,2024-04-19,11544,227,0.019706,460.32
IMP-C006-20240420,C006,2024-04-20,8566,184,0.021521,358.44
IMP-C006-20240421,C006,2024-04-21,9911,59,0.006036,86.35
IMP-C006-20240422,C006,2024-04-22,11386,238,0.020943,391.01
IMP-C006-20240423,C006,2024-04-23,6101,81,0.013362,96.67
IMP-C006-20240424,C006,2024-04-24,9006,155,0.017212,234.05
IMP-C006-20240425,C006,2024-04-25,9082,226,0.024912,548.72
IMP-C006-20240426,C006,2024-04-26,5747,179,0.031275,374.46
IMP-C006-20240427,C006,2024-04-27,7440,175,0.023626,290.97
IMP-C006-20240428,C006,2024-04-28,9668,329,0.034073,651.97
IMP-C006-20240429,C006,2024-04-29,10414,193,0.018558,261.47
IMP-C006-20240430,C006,2024-04-30,8758,277,0.031653,371.69
IMP-C006-20240501,C006,2024-05-01,6184,142,0.02301,213.65
IMP-C006-20240502,C006,2024-05-02,6735,125,0.018611,173.79
IMP-C006-20240503,C006,2024-05-03,6354,175,0.027627,246.36
IMP-C006-20240504,C006,2024-05-04,5044,85,0.01696,171.66
IMP-C006-20240505,C006,2024-05-05,7986,146,0.018283,264.74
IMP-C006-20240506,C006,2024-05-06,4734,122,0.025958,233.63
IMP-C006-20240507,C006,2024-05-07,7540,226,0.030047,330.36
IMP-C006-20240508,C006,2024-05-08,10768,250,0.023236,424.76
IMP-C006-20240509,C006,2024-05-09,8358,176,0.021142,381.23
IMP-C006-20240510,C006,2024-05-10,6138,97,0.0159,204.76
IMP-C006-20240511,C006,2024-05-11,7149,208,0.029204,480.44
IMP-C006-20240512,C006,2024-05-12,7556,207,0.027451,300.96
IMP-C006-20240513,C006,2024-05-13,9984,235,0.023595,456.35
IMP-C006-20240514,C006,2024-05-14,7044,61,0.008711,119.01
IMP-C006-20240515,C006,2024-05-15,4066,79,0.019461,164.51
IMP-C006-20240516,C006,2024-05-16,8802,330,0.037587,695.49
IMP-C006-20240517,C006,2024-05-17,7026,156,0.022219,278.58
IMP-C006-20240518,C006,2024-05-18,5077,73,0.014477,119.12
IMP-C006-20240519,C006,2024-05-19,4123,92,0.02238,158.73
IMP-C006-20240520,C006,2024-05-20,4886,123,0.025234,247.82
IMP-C006-20240521,C006,2024-05-21,8876,172,0.019407,340.12
IMP-C006-20240522,C006,2024-05-22,9828,240,0.024459,372.63
IMP-C006-20240523,C006,2024-05-23,8980,283,0.031564,458.75
IMP-C006-20240524,C006,2024-05-24,12805,227,0.017795,410.81
IMP-C006-20240525,C006,2024-05-25,6987,166,0.023786,212.04
IMP-C006-20240526,C006,2024-05-26,7253,96,0.013263,176.7
IMP-C006-20240527,C006,2024-05-27,10488,284,0.027168,309.13
IMP-C006-20240528,C006,2024-05-28,12688,309,0.024362,484.22
IMP-C006-20240529,C006,2024-05-29,8729,204,0.02341,326.39
IMP-C006-20240530,C006,2024-05-30,8815,151,0.01714,253.48
IMP-C006-20240531,C006,2024-05-31,6958,73,0.010539,134.59
IMP-C006-20240601,C006,2024-06-01,9629,251,0.026119,513.54
IMP-C006-20240602,C006,2024-06-02,9081,161,0.017738,330.36
IMP-C006-20240603,C006,2024-06-03,5549,82,0.014795,123.88
IMP-C006-20240604,C006,2024-06-04,10668,315,0.029542,613.05
IMP-C006-20240605,C006,2024-06-05,10651,159,0.014966,302.83
IMP-C006-20240606,C006,2024-06-06,8137,234,0.028775,413.11
IMP-C006-20240607,C006,2024-06-07,7591,199,0.026327,410.51
IMP-C006-20240608,C006,2024-06-08,6996,150,0.021511,222.37
IMP-C006-20240609,C006,2024-06-09,3154,74,0.023604,146.72
IMP-C006-20240610,C006,2024-06-10,8950,57,0.006404,96.6
IMP-C006-20240611,C006,2024-06-11,3741,123,0.032958,181.32
IMP-C006-20240612,C006,2024-06-12,11036,326,0.029567,498.72
IMP-C006-20240613,C006,2024-06-13,6021,149,0.024803,230.46
IMP-C006-20240614,C006,2024-06-14,8615,156,0.018137,197.44
IMP-C006-20240615,C006,2024-06-15,3716,88,0.023813,143.57
IMP-C006-20240616,C006,2024-06-16,7238,199,0.027567,428.25
IMP-C006-20240617,C006,2024-06-17,7827,150,0.019275,292.51
IMP-C006-20240618,C006,2024-06-18,5550,132,0.023785,259.45
IMP-C006-20240619,C006,2024-06-19,9828,63,0.006506,99.01
IMP-C006-20240620,C006,2024-06-20,6555,149,0.022799,289.69
IMP-C006-20240621,C006,2024-06-21,11543,208,0.01804,343.35
IMP-C006-20240622,C006,2024-06-22,10814,263,0.024373,573.42
IMP-C006-20240623,C006,2024-06-23,9006,114,0.012743,159.61
IMP-C006-20240624,C006,2024-06-24,5141,140,0.027296,301.92
IMP-C006-20240625,C006,2024-06-25,12283,353,0.028745,758.54
IMP-C006-20240626,C006,2024-06-26,7181,91,0.012749,187.01
IMP-C006-20240627,C006,2024-06-27,9277,212,0.02286,406.24
IMP-C006-20240628,C006,2024-06-28,9078,292,0.032271,639.04
IMP-C006-20240629,C006,2024-06-29,9542,274,0.028766,535.46
IMP-C006-20240630,C006,2024-06-30,7431,208,0.028053,287.38
IMP-C006-20240701,C006,2024-07-01,10613,132,0.012444,248.92
IMP-C006-20240702,C006,2024-07-02,6625,175,0.026427,313.22
IMP-C006-20240703,C006,2024-07-03,5051,128,0.025366,208.21
IMP-C006-20240704,C006,2024-07-04,10250,225,0.022011,431.69
IMP-C006-20240705,C006,2024-07-05,6389,110,0.017285,182.86
IMP-C006-20240706,C006,2024-07-06,10199,361,0.035419,562.6
IMP-C006-20240707,C006,2024-07-07,10661,53,0.005,76.41
IMP-C006-20240708,C006,2024-07-08,6386,71,0.01118,94.07
IMP-C006-20240709,C006,2024-07-09,9267,188,0.020287,359.8
IMP-C006-20240710,C006,2024-07-10,9849,237,0.024125,473.37
IMP-C006-20240711,C006,2024-07-11,8253,103,0.012504,218.09
IMP-C006-20240712,C006,2024-07-12,7162,103,0.014515,179.9
IMP-C006-20240713,C006,2024-07-13,6483,120,0.018661,228.39
IMP-C006-20240714,C006,2024-07-14,9131,135,0.014817,223.25
IMP-C006-20240715,C006,2024-07-15,10656,276,0.025971,668.62
IMP-C006-20240716,C006,2024-07-16,10878,338,0.031154,467.67
IMP-C006-20240717,C006,2024-07-17,10004,215,0.021575,351.46
IMP-C006-20240718,C006,2024-07-18,8752,258,0.029562,503.16
IMP-C006-20240719,C006,2024-07-19,6555,183,0.02794,294.4
IMP-C006-20240720,C006,2024-07-20,8855,173,0.019573,300.04
IMP-C006-20240721,C006,2024-07-21,10009,136,0.013678,324.16
IMP-C006-20240722,C006,2024-07-22,4575,78,0.017219,149.06
IMP-C006-20240723,C006,2024-07-23,9627,204,0.021196,363.69
IMP-C006-20240724,C006,2024-07-24,9262,186,0.020151,412.54
IMP-C006-20240725,C006,2024-07-25,10162,294,0.028983,443.98
IMP-C006-20240726,C006,2024-07-26,8233,161,0.019596,241.23
IMP-C006-20240727,C006,2024-07-27,9156,162,0.017699,323.45
IMP-C006-20240728,C006,2024-07-28,6152,219,0.035752,335.31
IMP-C006-20240729,C006,2024-07-29,8860,251,0.028335,408.83
IMP-C006-20240730,C006,2024-07-30,10190,123,0.012167,274.98
IMP-C006-20240731,C006,2024-07-31,8429,145,0.017229,247.99
IMP-C006-20240801,C006,2024-08-01,10098,174,0.017324,274.08
IMP-C006-20240802,C006,2024-08-02,7934,99,0.012584,232.27
IMP-C006-20240803,C006,2024-08-03,7210,206,0.028653,383.75
IMP-C006-20240804,C006,2024-08-04,6332,139,0.021952,282.89
IMP-C006-20240805,C006,2024-08-05,8004,252,0.031545,530.83
IMP-C006-20240806,C006,2024-08-06,10329,189,0.018323,278.97
IMP-C006-20240807,C006,2024-08-07,7111,167,0.02357,327.94
IMP-C006-20240808,C006,2024-08-08,3839,84,0.021935,155.18
IMP-C006-20240809,C006,2024-08-09,7817,252,0.03233,485.49
IMP-C006-20240810,C006,2024-08-10,11151,226,0.020272,470.36
IMP-C006-20240811,C006,2024-08-11,11833,384,0.032494,565.39
IMP-C006-20240812,C006,2024-08-12,7867,151,0.019239,293.96
IMP-C006-20240813,C006,2024-08-13,9841,150,0.015289,273.05
IMP-C006-20240814,C006,2024-08-14,4158,139,0.033536,228.83
IMP-C006-20240815,C006,2024-08-15,8517,166,0.019523,355.87
IMP-C006-20240816,C006,2024-08-16,2441,53,0.021867,93.72
IMP-C006-20240817,C006,2024-08-17,7447,266,0.03581,407.99
IMP-C006-20240818,C006,2024-08-18,10020,248,0.02485,540.26
IMP-C006-20240819,C006,2024-08-19,6998,112,0.016136,238.43
IMP-C006-20240820,C006,2024-08-20,9293,89,0.009641,145.8
IMP-C006-20240821,C006,2024-08-21,9211,264,0.028702,421.4
IMP-C006-20240822,C006,2024-08-22,2280,59,0.026186,84.6
IMP-C006-20240823,C006,2024-08-23,4163,20,0.005,40.88
IMP-C006-20240824,C006,2024-08-24,8670,175,0.020195,387.92
IMP-C006-20240825,C006,2024-08-25,9738,340,0.03493,469.94
IMP-C006-20240826,C006,2024-08-26,8327,75,0.009066,129.84
IMP-C006-20240827,C006,2024-08-27,7877,212,0.027013,384.5
IMP-C006-20240828,C006,2024-08-28,9709,268,0.027628,655.66
IMP-C006-20240829,C006,2024-08-29,7737,111,0.014472,207.99
IMP-C006-20240830,C006,2024-08-30,6715,227,0.033856,389.31
IMP-C006-20240831,C006,2024-08-31,7212,131,0.018229,264.03
IMP-C006-20240901,C006,2024-09-01,8068,136,0.016867,312.75
IMP-C006-20240902,C006,2024-09-02,6602,147,0.022285,293.37
IMP-C006-20240903,C006,2024-09-03,4974,128,0.025842,189.88
IMP-C006-20240904,C006,2024-09-04,10127,144,0.014299,289.13
IMP-C006-20240905,C006,2024-09-05,10722,309,0.028891,579.5
IMP-C006-20240906,C006,2024-09-06,7914,137,0.017389,307.06
IMP-C006-20240907,C006,2024-09-07,6931,94,0.013703,187.96
IMP-C006-20240908,C006,2024-09-08,6728,96,0.014399,131.22
IMP-C006-20240909,C006,2024-09-09,7385,157,0.021338,294.05
IMP-C006-20240910,C006,2024-09-10,10397,272,0.026215,474.02
IMP-C006-20240911,C006,2024-09-11,7983,208,0.026081,453.81
IMP-C006-20240912,C006,2024-09-12,8665,158,0.018247,237.34
IMP-C006-20240913,C006,2024-09-13,5365,146,0.02733,288.12
IMP-C006-20240914,C006,2024-09-14,9612,201,0.020971,446.64
IMP-C006-20240915,C006,2024-09-15,7383,218,0.029642,389.87
IMP-C006-20240916,C006,2024-09-16,7122,190,0.02674,365.35
IMP-C006-20240917,C006,2024-09-17,9149,207,0.02265,370.25
IMP-C006-20240918,C006,2024-09-18,13415,422,0.031474,770.0
IMP-C006-20240919,C006,2024-09-19,8634,259,0.030057,506.45
IMP-C006-20240920,C006,2024-09-20,8455,165,0.019571,292.99
IMP-C006-20240921,C006,2024-09-21,1742,41,0.023685,67.79
IMP-C006-20240922,C006,2024-09-22,11744,260,0.022155,375.26
IMP-C006-20240923,C006,2024-09-23,8295,113,0.013631,219.45
IMP-C006-20240924,C006,2024-09-24,9010,267,0.029663,417.25
IMP-C006-20240925,C006,2024-09-25,8471,93,0.01108,186.97
IMP-C006-20240926,C006,2024-09-26,9489,246,0.025966,442.92
IMP-C006-20240927,C006,2024-09-27,9271,322,0.034835,552.06
IMP-C006-20240928,C006,2024-09-28,8691,115,0.013311,177.04
IMP-C006-20240929,C006,2024-09-29,8605,265,0.030831,456.63
IMP-C006-20240930,C006,2024-09-30,7904,148,0.018745,242.66
IMP-C006-20241001,C006,2024-10-01,9019,90,0.010022,196.59
IMP-C006-20241002,C006,2024-10-02,7002,194,0.027775,275.29
IMP-C006-20241003,C006,2024-10-03,9804,268,0.027376,513.29
IMP-C006-20241004,C006,2024-10-04,6311,151,0.023996,218.21
IMP-C006-20241005,C006,2024-10-05,7869,237,0.030235,483.25
IMP-C006-20241006,C006,2024-10-06,8431,119,0.014202,237.25
IMP-C006-20241007,C006,2024-10-07,8440,42,0.005,85.46
IMP-C006-20241008,C006,2024-10-08,8349,263,0.03162,386.98
IMP-C006-20241009,C006,2024-10-09,1728,41,0.024233,77.39
IMP-C006-20241010,C006,2024-10-10,4849,68,0.014172,178.61
IMP-C006-20241011,C006,2024-10-11,7758,216,0.027848,346.64
IMP-C006-20241012,C006,2024-10-12,4010,82,0.020638,141.07
IMP-C006-20241013,C006,2024-10-13,7560,159,0.021083,298.81
IMP-C006-20241014,C006,2024-10-14,8084,96,0.011888,186.8
IMP-C006-20241015,C006,2024-10-15,4306,24,0.005597,48.52
IMP-C006-20241016,C006,2024-10-16,9464,203,0.021541,280.42
IMP-C006-20241017,C006,2024-10-17,6913,137,0.019898,181.01
IMP-C006-20241018,C006,2024-10-18,6848,186,0.027219,414.44
IMP-C006-20241019,C006,2024-10-19,7519,210,0.028052,257.41
IMP-C006-20241020,C006,2024-10-20,9784,152,0.015568,287.61
IMP-C006-20241021,C006,2024-10-21,7879,256,0.032563,393.64
IMP-C006-20241022,C006,2024-10-22,9717,192,0.019764,336.48
IMP-C006-20241023,C006,2024-10-23,8013,122,0.015235,219.08
IMP-C006-20241024,C006,2024-10-24,8268,197,0.02393,359.59
IMP-C006-20241025,C006,2024-10-25,10075,296,0.029388,439.5
IMP-C006-20241026,C006,2024-10-26,10224,127,0.012509,251.0
IMP-C006-20241027,C006,2024-10-27,9701,65,0.006709,118.81
IMP-C006-20241028,C006,2024-10-28,7416,118,0.01593,260.22
IMP-C006-20241029,C006,2024-10-29,7027,109,0.015549,198.68
IMP-C006-20241030,C006,2024-10-30,9839,205,0.020867,440.73
IMP-C006-20241031,C006,2024-10-31,9515,47,0.005,77.13
IMP-C006-20241101,C006,2024-11-01,9386,242,0.025835,245.04
IMP-C006-20241102,C006,2024-11-02,17878,469,0.026248,770.0
IMP-C006-20241103,C006,2024-11-03,14145,576,0.040749,770.0
IMP-C006-20241104,C006,2024-11-04,13510,311,0.023046,546.6
IMP-C006-20241105,C006,2024-11-05,9621,148,0.015391,235.9
IMP-C006-20241106,C006,2024-11-06,7232,154,0.021393,199.37
IMP-C006-20241107,C006,2024-11-07,11441,248,0.021709,457.33
IMP-C006-20241108,C006,2024-11-08,9494,442,0.046615,770.0
IMP-C006-20241109,C006,2024-11-09,7522,179,0.023863,289.55
IMP-C006-20241110,C006,2024-11-10,8150,91,0.011279,175.6
IMP-C006-20241111,C006,2024-11-11,9059,269,0.029743,564.4
IMP-C006-20241112,C006,2024-11-12,14670,222,0.015181,431.26
IMP-C006-20241113,C006,2024-11-13,12646,230,0.018207,360.75
IMP-C006-20241114,C006,2024-11-14,15313,364,0.02382,724.65
IMP-C006-20241115,C006,2024-11-15,8675,106,0.012246,172.69
IMP-C006-20241116,C006,2024-11-16,10581,142,0.013486,255.18
IMP-C006-20241117,C006,2024-11-17,6310,82,0.01304,164.1
IMP-C006-20241118,C006,2024-11-18,12568,237,0.018865,354.24
IMP-C006-20241119,C006,2024-11-19,8115,154,0.019014,306.98
IMP-C006-20241120,C006,2024-11-20,13454,242,0.018028,351.86
IMP-C006-20241121,C006,2024-11-21,11651,179,0.015412,294.37
IMP-C006-20241122,C006,2024-11-22,14538,416,0.028617,768.52
IMP-C006-20241123,C006,2024-11-23,7447,176,0.023691,372.91
IMP-C006-20241124,C006,2024-11-24,9894,324,0.032809,708.85
IMP-C006-20241125,C006,2024-11-25,15461,377,0.024442,745.03
IMP-C006-20241126,C006,2024-11-26,14780,378,0.025579,623.56
IMP-C006-20241127,C006,2024-11-27,9695,231,0.023908,326.36
IMP-C006-20241128,C006,2024-11-28,10528,323,0.030772,369.07
IMP-C006-20241129,C006,2024-11-29,15109,468,0.030979,770.0
IMP-C006-20241130,C006,2024-11-30,12403,273,0.022025,592.14
IMP-C006-20241201,C006,2024-12-01,13602,146,0.010799,288.52
IMP-C006-20241202,C006,2024-12-02,10358,234,0.022663,370.08
IMP-C006-20241203,C006,2024-12-03,15692,475,0.03032,749.58
IMP-C006-20241204,C006,2024-12-04,7276,137,0.018915,264.46
IMP-C006-20241205,C006,2024-12-05,11575,370,0.032025,753.68
IMP-C006-20241206,C006,2024-12-06,13566,333,0.024615,460.61
IMP-C006-20241207,C006,2024-12-07,10385,316,0.030481,563.92
IMP-C006-20241208,C006,2024-12-08,12293,239,0.01945,356.36
IMP-C006-20241209,C006,2024-12-09,10583,258,0.024472,413.65
IMP-C006-20241210,C006,2024-12-10,10276,148,0.014484,316.09
IMP-C006-20241211,C006,2024-12-11,10116,340,0.033622,767.93
IMP-C006-20241212,C006,2024-12-12,10698,149,0.013932,174.96
IMP-C006-20241213,C006,2024-12-13,6901,75,0.011009,166.02
IMP-C006-20241214,C006,2024-12-14,11236,282,0.025117,319.75
IMP-C006-20241215,C006,2024-12-15,7649,222,0.029097,418.7
IMP-C006-20241216,C006,2024-12-16,10518,278,0.026519,636.83
IMP-C006-20241217,C006,2024-12-17,10316,232,0.022555,431.0
IMP-C006-20241218,C006,2024-12-18,17450,90,0.005205,180.45
IMP-C006-20241219,C006,2024-12-19,10606,281,0.026534,450.38
IMP-C006-20241220,C006,2024-12-20,10786,298,0.027691,770.0
IMP-C006-20241221,C006,2024-12-21,13125,199,0.015215,332.9
IMP-C006-20241222,C006,2024-12-22,9682,73,0.007635,124.17
IMP-C006-20241223,C006,2024-12-23,12920,152,0.011806,321.41
IMP-C006-20241224,C006,2024-12-24,12251,197,0.016126,346.24
IMP-C006-20241225,C006,2024-12-25,15283,425,0.027868,766.12
IMP-C006-20241226,C006,2024-12-26,10271,232,0.022613,381.98
IMP-C006-20241227,C006,2024-12-27,5174,198,0.038337,365.63
IMP-C006-20241228,C006,2024-12-28,12006,258,0.021537,407.5
IMP-C006-20241229,C006,2024-12-29,10412,95,0.009205,235.9
IMP-C006-20241230,C006,2024-12-30,7549,103,0.013744,171.8
IMP-C006-20241231,C006,2024-12-31,14436,319,0.022116,455.9
IMP-C007-20240401,C007,2024-04-01,6068,168,0.027848,269.06
IMP-C007-20240402,C007,2024-04-02,5446,224,0.041155,385.0
IMP-C007-20240403,C007,2024-04-03,3826,133,0.034991,206.81
IMP-C007-20240404,C007,2024-04-04,5196,43,0.008462,59.72
IMP-C007-20240405,C007,2024-04-05,3681,105,0.028624,184.94
IMP-C007-20240406,C007,2024-04-06,2223,48,0.021824,85.27
IMP-C007-20240407,C007,2024-04-07,4404,122,0.027833,188.53
IMP-C007-20240408,C007,2024-04-08,5014,99,0.019829,106.43
IMP-C007-20240409,C007,2024-04-09,3324,91,0.027675,131.57
IMP-C007-20240410,C007,2024-04-10,4460,82,0.018609,110.57
IMP-C007-20240411,C007,2024-04-11,5829,112,0.019318,116.22
IMP-C007-20240412,C007,2024-04-12,5478,111,0.020361,160.89
IMP-C007-20240413,C007,2024-04-13,6476,141,0.021836,215.27
IMP-C007-20240414,C007,2024-04-14,3258,65,0.020243,105.49
IMP-C007-20240415,C007,2024-04-15,2823,66,0.023607,97.04
IMP-C007-20240416,C007,2024-04-16,4667,141,0.030297,217.19
IMP-C007-20240417,C007,2024-04-17,6327,88,0.014051,130.31
IMP-C007-20240418,C007,2024-04-18,4717,63,0.013446,108.79
IMP-C007-20240419,C007,2024-04-19,7304,159,0.021864,253.05
IMP-C007-20240420,C007,2024-04-20,4717,76,0.016291,67.93
IMP-C007-20240421,C007,2024-04-21,3804,41,0.010864,80.0
IMP-C007-20240422,C007,2024-04-22,4487,86,0.019233,146.78
IMP-C007-20240423,C007,2024-04-23,3324,52,0.015865,75.94
IMP-C007-20240424,C007,2024-04-24,5808,151,0.026013,228.69
IMP-C007-20240425,C007,2024-04-25,4710,118,0.025202,177.06
IMP-C007-20240426,C007,2024-04-26,3430,76,0.022369,84.96
IMP-C007-20240427,C007,2024-04-27,4713,85,0.018155,187.15
IMP-C007-20240428,C007,2024-04-28,4573,49,0.010766,68.59
IMP-C007-20240429,C007,2024-04-29,5219,184,0.035387,232.42
IMP-C007-20240430,C007,2024-04-30,2792,79,0.028535,81.04
IMP-C007-20240501,C007,2024-05-01,3742,74,0.019939,105.01
IMP-C007-20240502,C007,2024-05-02,4923,81,0.016531,109.99
IMP-C007-20240503,C007,2024-05-03,4185,97,0.023197,142.53
IMP-C007-20240504,C007,2024-05-04,4657,133,0.028751,207.19
IMP-C007-20240505,C007,2024-05-05,4676,43,0.009342,62.57
IMP-C007-20240506,C007,2024-05-06,4703,130,0.027832,160.2
IMP-C007-20240507,C007,2024-05-07,3508,61,0.017407,97.66
IMP-C007-20240508,C007,2024-05-08,5285,99,0.01874,169.53
IMP-C007-20240509,C007,2024-05-09,4329,90,0.021006,123.89
IMP-C007-20240510,C007,2024-05-10,4983,122,0.024605,258.98
IMP-C007-20240511,C007,2024-05-11,3305,86,0.026145,110.19
IMP-C007-20240512,C007,2024-05-12,3287,72,0.021913,106.65
IMP-C007-20240513,C007,2024-05-13,7264,149,0.020527,164.04
IMP-C007-20240514,C007,2024-05-14,4486,24,0.005403,33.9
IMP-C007-20240515,C007,2024-05-15,4216,119,0.028357,206.12
IMP-C007-20240516,C007,2024-05-16,3671,76,0.020795,91.97
IMP-C007-20240517,C007,2024-05-17,3015,73,0.024479,77.23
IMP-C007-20240518,C007,2024-05-18,3764,52,0.014039,83.46
IMP-C007-20240519,C007,2024-05-19,6091,70,0.011587,61.89
IMP-C007-20240520,C007,2024-05-20,4068,90,0.022126,135.5
IMP-C007-20240521,C007,2024-05-21,3731,76,0.020395,117.82
IMP-C007-20240522,C007,2024-05-22,5292,33,0.00636,43.87
IMP-C007-20240523,C007,2024-05-23,4424,64,0.014656,125.4
IMP-C007-20240524,C007,2024-05-24,3532,76,0.02167,122.12
IMP-C007-20240525,C007,2024-05-25,3579,25,0.007227,32.79
IMP-C007-20240526,C007,2024-05-26,5280,101,0.019305,119.79
IMP-C007-20240527,C007,2024-05-27,5171,100,0.019354,128.7
IMP-C007-20240528,C007,2024-05-28,4356,122,0.028166,262.85
IMP-C007-20240529,C007,2024-05-29,5068,158,0.031279,203.54
IMP-C007-20240530,C007,2024-05-30,3122,70,0.022499,103.05
IMP-C007-20240531,C007,2024-05-31,3067,63,0.020598,98.27
IMP-C007-20240601,C007,2024-06-01,4578,119,0.026034,181.75
IMP-C007-20240602,C007,2024-06-02,3667,65,0.017889,70.22
IMP-C007-20240603,C007,2024-06-03,6074,134,0.022108,183.92
IMP-C007-20240604,C007,2024-06-04,3224,146,0.045485,163.23
IMP-C007-20240605,C007,2024-06-05,3749,94,0.025327,152.29
IMP-C007-20240606,C007,2024-06-06,5205,189,0.036461,300.86
IMP-C007-20240607,C007,2024-06-07,3091,61,0.019944,93.47
IMP-C007-20240608,C007,2024-06-08,6371,68,0.010818,122.45
IMP-C007-20240609,C007,2024-06-09,4388,125,0.028703,176.18
IMP-C007-20240610,C007,2024-06-10,3315,92,0.028007,150.54
IMP-C007-20240611,C007,2024-06-11,5220,114,0.021894,143.65
IMP-C007-20240612,C007,2024-06-12,2563,73,0.028555,114.4
IMP-C007-20240613,C007,2024-06-13,3185,56,0.017691,72.8
IMP-C007-20240614,C007,2024-06-14,2642,40,0.015459,43.99
IMP-C007-20240615,C007,2024-06-15,3766,60,0.01609,57.11
IMP-C007-20240616,C007,2024-06-16,6323,202,0.03202,243.67
IMP-C007-20240617,C007,2024-06-17,4486,113,0.02534,203.1
IMP-C007-20240618,C007,2024-06-18,3340,102,0.030737,130.11
IMP-C007-20240619,C007,2024-06-19,2797,77,0.027793,140.7
IMP-C007-20240620,C007,2024-06-20,6917,85,0.012402,140.22
IMP-C007-20240621,C007,2024-06-21,3769,106,0.028267,105.88
IMP-C007-20240622,C007,2024-06-22,2874,45,0.015793,65.87
IMP-C007-20240623,C007,2024-06-23,3526,96,0.027272,167.81
IMP-C007-20240624,C007,2024-06-24,4829,168,0.03495,262.88
IMP-C007-20240625,C007,2024-06-25,2922,96,0.032907,120.81
IMP-C007-20240626,C007,2024-06-26,5155,178,0.03459,280.71
IMP-C007-20240627,C007,2024-06-27,2629,38,0.014654,69.8
IMP-C007-20240628,C007,2024-06-28,4022,91,0.022637,151.76
IMP-C007-20240629,C007,2024-06-29,4931,119,0.02423,163.91
IMP-C007-20240630,C007,2024-06-30,3871,111,0.028863,178.27
IMP-C007-20240701,C007,2024-07-01,3929,120,0.030657,168.15
IMP-C007-20240702,C007,2024-07-02,3305,52,0.015928,59.61
IMP-C007-20240703,C007,2024-07-03,3913,124,0.03187,148.61
IMP-C007-20240704,C007,2024-07-04,4397,73,0.016746,99.42
IMP-C007-20240705,C007,2024-07-05,2614,52,0.020236,71.86
IMP-C007-20240706,C007,2024-07-06,4767,113,0.023786,122.09
IMP-C007-20240707,C007,2024-07-07,5338,126,0.023682,188.94
IMP-C007-20240708,C007,2024-07-08,4190,74,0.017858,111.4
IMP-C007-20240709,C007,2024-07-09,4699,37,0.008025,47.3
IMP-C007-20240710,C007,2024-07-10,3932,94,0.024049,169.01
IMP-C007-20240711,C007,2024-07-11,3389,61,0.018016,78.46
IMP-C007-20240712,C007,2024-07-12,3358,64,0.019223,106.96
IMP-C007-20240713,C007,2024-07-13,3093,78,0.025423,72.5
IMP-C007-20240714,C007,2024-07-14,3610,69,0.019364,134.03
IMP-C007-20240715,C007,2024-07-15,3911,19,0.005,15.97
IMP-C007-20240716,C007,2024-07-16,4235,113,0.02691,175.45
IMP-C007-20240717,C007,2024-07-17,4375,136,0.031298,173.82
IMP-C007-20240718,C007,2024-07-18,5139,45,0.008944,52.58
IMP-C007-20240719,C007,2024-07-19,2302,45,0.019801,64.18
IMP-C007-20240720,C007,2024-07-20,4319,97,0.022495,112.69
IMP-C007-20240721,C007,2024-07-21,4000,40,0.01002,73.96
IMP-C007-20240722,C007,2024-07-22,3881,70,0.018089,134.17
IMP-C007-20240723,C007,2024-07-23,2895,37,0.012995,41.11
IMP-C007-20240724,C007,2024-07-24,4128,105,0.025453,174.5
IMP-C007-20240725,C007,2024-07-25,6900,34,0.005,55.17
IMP-C007-20240726,C007,2024-07-26,3615,62,0.017309,77.75
IMP-C007-20240727,C007,2024-07-27,3245,115,0.035476,194.66
IMP-C007-20240728,C007,2024-07-28,4224,138,0.032808,136.1
IMP-C007-20240729,C007,2024-07-29,2802,14,0.005,17.22
IMP-C007-20240730,C007,2024-07-30,4369,99,0.022823,147.0
IMP-C007-20240731,C007,2024-07-31,2718,77,0.028425,116.42
IMP-C007-20240801,C007,2024-08-01,4969,34,0.006858,52.14
IMP-C007-20240802,C007,2024-08-02,2952,55,0.018821,88.02
IMP-C007-20240803,C007,2024-08-03,4295,65,0.015188,93.72
IMP-C007-20240804,C007,2024-08-04,2591,80,0.031202,110.27
IMP-C007-20240805,C007,2024-08-05,5374,95,0.017788,121.88
IMP-C007-20240806,C007,2024-08-06,3397,98,0.029009,120.26
IMP-C007-20240807,C007,2024-08-07,4876,92,0.01894,77.94
IMP-C007-20240808,C007,2024-08-08,3601,45,0.012567,65.26
IMP-C007-20240809,C007,2024-08-09,2950,86,0.029408,121.49
IMP-C007-20240810,C007,2024-08-10,4013,109,0.027247,188.48
IMP-C007-20240811,C007,2024-08-11,4178,66,0.01583,59.92
IMP-C007-20240812,C007,2024-08-12,3479,59,0.017062,86.85
IMP-C007-20240813,C007,2024-08-13,3837,105,0.027503,131.89
IMP-C007-20240814,C007,2024-08-14,4140,130,0.031472,200.53
IMP-C007-20240815,C007,2024-08-15,4136,71,0.017184,88.75
IMP-C007-20240816,C007,2024-08-16,3306,58,0.017672,96.67
IMP-C007-20240817,C007,2024-08-17,3967,44,0.011202,86.7
IMP-C007-20240818,C007,2024-08-18,4535,48,0.010744,62.76
IMP-C007-20240819,C007,2024-08-19,4316,153,0.035637,169.46
IMP-C007-20240820,C007,2024-08-20,5224,173,0.033196,216.49
IMP-C007-20240821,C007,2024-08-21,3908,53,0.01371,73.08
IMP-C007-20240822,C007,2024-08-22,4161,113,0.027277,199.68
IMP-C007-20240823,C007,2024-08-23,3414,21,0.006261,30.11
IMP-C007-20240824,C007,2024-08-24,4508,108,0.023995,144.94
IMP-C007-20240825,C007,2024-08-25,4330,147,0.034124,228.51
IMP-C007-20240826,C007,2024-08-26,3807,68,0.017998,94.46
IMP-C007-20240827,C007,2024-08-27,5918,121,0.020534,173.52
IMP-C007-20240828,C007,2024-08-28,3693,113,0.030792,229.16
IMP-C007-20240829,C007,2024-08-29,4673,105,0.022662,152.36
IMP-C007-20240830,C007,2024-08-30,1696,47,0.027961,69.57
IMP-C007-20240831,C007,2024-08-31,4649,75,0.016308,99.35
IMP-C007-20240901,C007,2024-09-01,3768,113,0.030173,149.88
IMP-C007-20240902,C007,2024-09-02,6386,162,0.025447,171.28
IMP-C007-20240903,C007,2024-09-03,4065,68,0.016787,53.15
IMP-C007-20240904,C007,2024-09-04,5879,162,0.027625,259.19
IMP-C007-20240905,C007,2024-09-05,4373,47,0.010944,60.86
IMP-C007-20240906,C007,2024-09-06,5083,69,0.01359,46.95
IMP-C007-20240907,C007,2024-09-07,3961,82,0.020866,121.41
IMP-C007-20240908,C007,2024-09-08,4964,134,0.027101,203.36
IMP-C007-20240909,C007,2024-09-09,5455,53,0.009848,84.34
IMP-C007-20240910,C007,2024-09-10,4857,58,0.012084,57.37
IMP-C007-20240911,C007,2024-09-11,3416,57,0.016708,94.96
IMP-C007-20240912,C007,2024-09-12,3554,53,0.015149,66.6
IMP-C007-20240913,C007,2024-09-13,5374,118,0.022104,163.57
IMP-C007-20240914,C007,2024-09-14,4084,132,0.032336,160.41
IMP-C007-20240915,C007,2024-09-15,5581,132,0.023684,183.73
IMP-C007-20240916,C007,2024-09-16,6825,92,0.013555,122.72
IMP-C007-20240917,C007,2024-09-17,2905,86,0.02962,167.42
IMP-C007-20240918,C007,2024-09-18,5953,189,0.031792,260.95
IMP-C007-20240919,C007,2024-09-19,3816,32,0.008631,65.62
IMP-C007-20240920,C007,2024-09-20,4692,84,0.018064,154.43
IMP-C007-20240921,C007,2024-09-21,3178,80,0.025253,111.06
IMP-C007-20240922,C007,2024-09-22,4870,104,0.021491,104.49
IMP-C007-20240923,C007,2024-09-23,4279,130,0.030391,186.06
IMP-C007-20240924,C007,2024-09-24,5013,68,0.013636,97.38
IMP-C007-20240925,C007,2024-09-25,3544,99,0.027976,143.5
IMP-C007-20240926,C007,2024-09-26,4924,151,0.030702,248.77
IMP-C007-20240927,C007,2024-09-27,4486,62,0.014014,89.23
IMP-C007-20240928,C007,2024-09-28,3640,70,0.019247,92.93
IMP-C007-20240929,C007,2024-09-29,3171,20,0.006341,24.79
IMP-C007-20240930,C007,2024-09-30,4403,49,0.011215,70.79
IMP-C007-20241001,C007,2024-10-01,6195,186,0.030184,359.55
IMP-C007-20241002,C007,2024-10-02,4610,144,0.03134,176.08
IMP-C007-20241003,C007,2024-10-03,3523,17,0.005,30.53
IMP-C007-20241004,C007,2024-10-04,5817,102,0.017575,139.11
IMP-C007-20241005,C007,2024-10-05,3408,85,0.025061,151.09
IMP-C007-20241006,C007,2024-10-06,2370,59,0.025276,80.06
IMP-C007-20241007,C007,2024-10-07,4319,110,0.025672,152.19
IMP-C007-20241008,C007,2024-10-08,4091,83,0.020289,143.68
IMP-C007-20241009,C007,2024-10-09,4639,110,0.023765,116.46
IMP-C007-20241010,C007,2024-10-10,3802,110,0.029189,159.64
IMP-C007-20241011,C007,2024-10-11,4892,176,0.036132,308.28
IMP-C007-20241012,C007,2024-10-12,4297,76,0.017912,51.22
IMP-C007-20241013,C007,2024-10-13,4023,78,0.019392,121.45
IMP-C007-20241014,C007,2024-10-14,4038,78,0.019437,70.68
IMP-C007-20241015,C007,2024-10-15,3213,82,0.025813,160.29
IMP-C007-20241016,C007,2024-10-16,4097,100,0.024622,172.57
IMP-C007-20241017,C007,2024-10-17,3348,83,0.024935,101.08
IMP-C007-20241018,C007,2024-10-18,5108,118,0.023211,180.49
IMP-C007-20241019,C007,2024-10-19,3378,93,0.027656,192.08
IMP-C007-20241020,C007,2024-10-20,3141,60,0.019282,90.57
IMP-C007-20241021,C007,2024-10-21,5025,88,0.017524,51.93
IMP-C007-20241022,C007,2024-10-22,5627,158,0.028084,144.9
IMP-C007-20241023,C007,2024-10-23,3562,123,0.034545,230.54
IMP-C007-20241024,C007,2024-10-24,5185,106,0.020591,155.28
IMP-C007-20241025,C007,2024-10-25,4062,126,0.031026,148.33
IMP-C007-20241026,C007,2024-10-26,3353,100,0.030082,142.67
IMP-C007-20241027,C007,2024-10-27,5647,93,0.016628,132.39
IMP-C007-20241028,C007,2024-10-28,3231,71,0.022059,70.75
IMP-C007-20241029,C007,2024-10-29,3687,38,0.01051,62.63
IMP-C007-20241030,C007,2024-10-30,4952,40,0.008158,73.61
IMP-C007-20241031,C007,2024-10-31,6822,152,0.022368,189.65
IMP-C007-20241101,C007,2024-11-01,9315,106,0.011448,153.28
IMP-C007-20241102,C007,2024-11-02,5705,186,0.032761,287.91
IMP-C007-20241103,C007,2024-11-03,4779,68,0.014391,90.95
IMP-C007-20241104,C007,2024-11-04,4085,91,0.022383,115.64
IMP-C007-20241105,C007,2024-11-05,3420,109,0.032041,140.69
IMP-C007-20241106,C007,2024-11-06,3728,76,0.020654,111.0
IMP-C007-20241107,C007,2024-11-07,3076,75,0.024653,84.44
IMP-C007-20241108,C007,2024-11-08,7795,204,0.026192,269.29
IMP-C007-20241109,C007,2024-11-09,4442,93,0.02116,151.02
IMP-C007-20241110,C007,2024-11-10,5425,109,0.020263,158.87
IMP-C007-20241111,C007,2024-11-11,4635,89,0.019254,72.47
IMP-C007-20241112,C007,2024-11-12,6789,165,0.02439,199.31
IMP-C007-20241113,C007,2024-11-13,8051,182,0.022696,205.51
IMP-C007-20241114,C007,2024-11-14,6629,166,0.025184,258.69
IMP-C007-20241115,C007,2024-11-15,4878,124,0.025604,168.82
IMP-C007-20241116,C007,2024-11-16,6218,42,0.00676,55.01
IMP-C007-20241117,C007,2024-11-17,7810,123,0.015863,154.84
IMP-C007-20241118,C007,2024-11-18,4848,59,0.012282,45.87
IMP-C007-20241119,C007,2024-11-19,5145,118,0.023087,168.06
IMP-C007-20241120,C007,2024-11-20,5262,117,0.022344,204.38
IMP-C007-20241121,C007,2024-11-21,5200,90,0.017407,122.01
IMP-C007-20241122,C007,2024-11-22,6250,208,0.033296,260.32
IMP-C007-20241123,C007,2024-11-23,5595,138,0.024707,157.63
IMP-C007-20241124,C007,2024-11-24,5487,56,0.010275,50.92
IMP-C007-20241125,C007,2024-11-25,5960,112,0.018929,168.08
IMP-C007-20241126,C007,2024-11-26,5435,77,0.014189,109.83
IMP-C007-20241127,C007,2024-11-27,3776,125,0.033128,129.15
IMP-C007-20241128,C007,2024-11-28,5192,70,0.013662,112.78
IMP-C007-20241129,C007,2024-11-29,5007,89,0.017851,150.94
IMP-C007-20241130,C007,2024-11-30,5500,143,0.026133,163.82
IMP-C007-20241201,C007,2024-12-01,3542,80,0.022858,107.55
IMP-C007-20241202,C007,2024-12-02,6315,134,0.021361,201.2
IMP-C007-20241203,C007,2024-12-03,3244,120,0.037107,166.89
IMP-C007-20241204,C007,2024-12-04,6412,98,0.015311,150.18
IMP-C007-20241205,C007,2024-12-05,3681,94,0.025617,125.32
IMP-C007-20241206,C007,2024-12-06,5499,151,0.027584,161.61
IMP-C007-20241207,C007,2024-12-07,4525,116,0.025659,240.06
IMP-C007-20241208,C007,2024-12-08,5271,140,0.026729,197.11
IMP-C007-20241209,C007,2024-12-09,8111,65,0.008022,95.45
IMP-C007-20241210,C007,2024-12-10,3241,16,0.005,24.47
IMP-C007-20241211,C007,2024-12-11,5650,111,0.019721,156.3
IMP-C007-20241212,C007,2024-12-12,9689,193,0.019935,307.46
IMP-C007-20241213,C007,2024-12-13,4573,111,0.024362,151.91
IMP-C007-20241214,C007,2024-12-14,4899,179,0.036551,320.97
IMP-C007-20241215,C007,2024-12-15,5646,28,0.005,37.29
IMP-C007-20241216,C007,2024-12-16,9149,184,0.020155,325.86
IMP-C007-20241217,C007,2024-12-17,7428,176,0.023752,208.99
IMP-C007-20241218,C007,2024-12-18,2135,58,0.027473,69.34
IMP-C007-20241219,C007,2024-12-19,5700,68,0.012001,92.51
IMP-C007-20241220,C007,2024-12-20,5506,132,0.024149,145.93
IMP-C007-20241221,C007,2024-12-21,7093,122,0.017225,114.39
IMP-C007-20241222,C007,2024-12-22,5311,118,0.022275,175.6
IMP-C007-20241223,C007,2024-12-23,7319,147,0.020108,206.4
IMP-C007-20241224,C007,2024-12-24,3954,112,0.028564,167.47
IMP-C007-20241225,C007,2024-12-25,4886,33,0.006763,61.82
IMP-C007-20241226,C007,2024-12-26,3784,65,0.01727,100.59
IMP-C007-20241227,C007,2024-12-27,3826,38,0.010052,30.51
IMP-C007-20241228,C007,2024-12-28,6444,113,0.017639,261.95
IMP-C007-20241229,C007,2024-12-29,4102,60,0.014628,76.22
IMP-C007-20241230,C007,2024-12-30,5791,105,0.018238,170.49
IMP-C007-20241231,C007,2024-12-31,4124,45,0.010947,40.52
IMP-C008-20240101,C008,2024-01-01,266,5,0.021783,0.5
IMP-C008-20240102,C008,2024-01-02,505,21,0.042921,10.26
IMP-C008-20240103,C008,2024-01-03,549,3,0.006473,0.3
IMP-C008-20240104,C008,2024-01-04,510,10,0.020114,1.0
IMP-C008-20240105,C008,2024-01-05,501,11,0.023362,1.1
IMP-C008-20240106,C008,2024-01-06,631,20,0.032324,2.0
IMP-C008-20240107,C008,2024-01-07,790,12,0.016239,1.2
IMP-C008-20240108,C008,2024-01-08,657,11,0.018191,2.38
IMP-C008-20240109,C008,2024-01-09,239,10,0.044709,3.22
IMP-C008-20240110,C008,2024-01-10,374,3,0.010255,1.87
IMP-C008-20240111,C008,2024-01-11,489,8,0.01799,0.8
IMP-C008-20240112,C008,2024-01-12,547,13,0.025267,4.35
IMP-C008-20240113,C008,2024-01-13,390,3,0.009757,0.77
IMP-C008-20240114,C008,2024-01-14,751,6,0.009146,2.67
IMP-C008-20240115,C008,2024-01-15,605,24,0.041102,2.4
IMP-C008-20240116,C008,2024-01-16,221,5,0.026176,2.19
IMP-C008-20240117,C008,2024-01-17,465,10,0.023344,1.0
IMP-C008-20240118,C008,2024-01-18,165,7,0.048056,0.7
IMP-C008-20240119,C008,2024-01-19,675,18,0.02696,8.95
IMP-C008-20240120,C008,2024-01-20,660,16,0.025181,1.6
IMP-C008-20240121,C008,2024-01-21,719,3,0.005519,0.94
IMP-C008-20240122,C008,2024-01-22,435,18,0.043027,3.03
IMP-C008-20240123,C008,2024-01-23,696,20,0.028984,2.0
IMP-C008-20240124,C008,2024-01-24,470,16,0.036069,2.72
IMP-C008-20240125,C008,2024-01-25,777,25,0.032839,2.5
IMP-C008-20240126,C008,2024-01-26,480,14,0.029235,1.4
IMP-C008-20240127,C008,2024-01-27,851,28,0.033301,13.67
IMP-C008-20240128,C008,2024-01-28,362,15,0.042935,11.84
IMP-C008-20240129,C008,2024-01-29,401,14,0.037257,1.68
IMP-C008-20240130,C008,2024-01-30,368,12,0.033915,4.44
IMP-C008-20240131,C008,2024-01-31,509,21,0.041991,2.1
IMP-C008-20240201,C008,2024-02-01,375,11,0.029639,1.4
IMP-C008-20240202,C008,2024-02-02,492,18,0.037715,5.03
IMP-C008-20240203,C008,2024-02-03,728,19,0.026522,5.71
IMP-C008-20240204,C008,2024-02-04,533,28,0.052646,2.8
IMP-C008-20240205,C008,2024-02-05,915,26,0.028419,2.6
IMP-C008-20240206,C008,2024-02-06,805,23,0.029511,8.63
IMP-C008-20240207,C008,2024-02-07,783,25,0.032055,2.5
IMP-C008-20240208,C008,2024-02-08,746,20,0.028009,6.52
IMP-C008-20240209,C008,2024-02-09,276,9,0.033364,0.9
IMP-C008-20240210,C008,2024-02-10,847,30,0.035477,5.76
IMP-C008-20240211,C008,2024-02-11,672,10,0.016019,6.07
IMP-C008-20240212,C008,2024-02-12,898,29,0.032715,17.32
IMP-C008-20240213,C008,2024-02-13,514,9,0.018435,1.19
IMP-C008-20240214,C008,2024-02-14,665,15,0.023272,4.22
IMP-C008-20240215,C008,2024-02-15,645,10,0.01602,2.76
IMP-C008-20240216,C008,2024-02-16,729,21,0.030058,9.78
IMP-C008-20240217,C008,2024-02-17,417,14,0.033615,1.4
IMP-C008-20240218,C008,2024-02-18,432,8,0.020429,0.8
IMP-C008-20240219,C008,2024-02-19,517,13,0.02543,4.82
IMP-C008-20240220,C008,2024-02-20,551,4,0.008972,1.85
IMP-C008-20240221,C008,2024-02-21,474,12,0.027295,3.05
IMP-C008-20240222,C008,2024-02-22,629,25,0.04113,6.59
IMP-C008-20240223,C008,2024-02-23,470,25,0.054143,4.46
IMP-C008-20240224,C008,2024-02-24,577,22,0.039567,4.29
IMP-C008-20240225,C008,2024-02-25,659,38,0.057906,3.8
IMP-C008-20240226,C008,2024-02-26,552,16,0.029399,7.06
IMP-C008-20240227,C008,2024-02-27,374,1,0.005,0.1
IMP-C008-20240228,C008,2024-02-28,354,8,0.022902,2.17
IMP-C008-20240229,C008,2024-02-29,466,5,0.010878,0.7
IMP-C008-20240301,C008,2024-03-01,802,6,0.00766,2.2
IMP-C008-20240302,C008,2024-03-02,794,31,0.039449,15.05
IMP-C008-20240303,C008,2024-03-03,1023,24,0.023727,3.67
IMP-C008-20240304,C008,2024-03-04,591,16,0.028024,9.28
IMP-C008-20240305,C008,2024-03-05,438,7,0.017667,3.73
IMP-C008-20240306,C008,2024-03-06,828,19,0.023642,7.15
IMP-C008-20240307,C008,2024-03-07,716,32,0.046003,4.56
IMP-C008-20240308,C008,2024-03-08,829,49,0.059704,14.67
IMP-C008-20240309,C008,2024-03-09,668,24,0.036669,2.4
IMP-C008-20240310,C008,2024-03-10,1054,31,0.030161,3.1
IMP-C008-20240311,C008,2024-03-11,522,21,0.041167,7.98
IMP-C008-20240312,C008,2024-03-12,577,20,0.034917,2.0
IMP-C008-20240313,C008,2024-03-13,690,23,0.033433,14.54
IMP-C008-20240314,C008,2024-03-14,532,6,0.01266,0.6
IMP-C008-20240315,C008,2024-03-15,439,19,0.04404,11.11
IMP-C008-20240316,C008,2024-03-16,712,30,0.042656,4.81
IMP-C008-20240317,C008,2024-03-17,644,15,0.024004,1.5
IMP-C008-20240318,C008,2024-03-18,404,12,0.031171,1.29
IMP-C008-20240319,C008,2024-03-19,782,22,0.029122,2.2
IMP-C008-20240320,C008,2024-03-20,516,14,0.028866,4.78
IMP-C008-20240321,C008,2024-03-21,471,13,0.02905,2.47
IMP-C008-20240322,C008,2024-03-22,541,11,0.020946,2.08
IMP-C008-20240323,C008,2024-03-23,472,15,0.032199,1.5
IMP-C008-20240324,C008,2024-03-24,835,46,0.056054,4.6
IMP-C008-20240325,C008,2024-03-25,748,14,0.019279,6.05
IMP-C008-20240326,C008,2024-03-26,451,15,0.033767,1.5
IMP-C008-20240327,C008,2024-03-27,625,9,0.015628,3.3
IMP-C008-20240328,C008,2024-03-28,521,18,0.034624,1.8
IMP-C008-20240329,C008,2024-03-29,641,19,0.029773,1.9
IMP-C008-20240330,C008,2024-03-30,694,32,0.046364,3.2
IMP-C008-20240331,C008,2024-03-31,853,39,0.045977,3.9
IMP-C008-20240401,C008,2024-04-01,419,13,0.031624,1.3
IMP-C008-20240402,C008,2024-04-02,968,27,0.028418,2.7
IMP-C008-20240403,C008,2024-04-03,470,19,0.041079,1.9
IMP-C008-20240404,C008,2024-04-04,667,26,0.03947,2.6
IMP-C008-20240405,C008,2024-04-05,652,18,0.027801,5.85
IMP-C008-20240406,C008,2024-04-06,757,19,0.025359,2.64
IMP-C008-20240407,C008,2024-04-07,598,6,0.010269,1.18
IMP-C008-20240408,C008,2024-04-08,972,16,0.017395,1.6
IMP-C008-20240409,C008,2024-04-09,516,18,0.036695,4.58
IMP-C008-20240410,C008,2024-04-10,633,10,0.016984,1.48
IMP-C008-20240411,C008,2024-04-11,401,11,0.029721,4.2
IMP-C008-20240412,C008,2024-04-12,453,4,0.00961,2.38
IMP-C008-20240413,C008,2024-04-13,559,23,0.041631,2.3
IMP-C008-20240414,C008,2024-04-14,633,21,0.033261,2.1
IMP-C008-20240415,C008,2024-04-15,681,15,0.023422,1.5
IMP-C008-20240416,C008,2024-04-16,715,17,0.02484,1.7
IMP-C008-20240417,C008,2024-04-17,460,21,0.047097,8.04
IMP-C008-20240418,C008,2024-04-18,819,19,0.024335,1.9
IMP-C008-20240419,C008,2024-04-19,982,26,0.027267,2.6
IMP-C008-20240420,C008,2024-04-20,728,30,0.042005,3.39
IMP-C008-20240421,C008,2024-04-21,870,35,0.040996,3.5
IMP-C008-20240422,C008,2024-04-22,548,21,0.03949,2.1
IMP-C008-20240423,C008,2024-04-23,635,6,0.01083,0.6
IMP-C008-20240424,C008,2024-04-24,610,14,0.023701,1.4
IMP-C008-20240425,C008,2024-04-25,478,26,0.055503,17.69
IMP-C008-20240426,C008,2024-04-26,468,21,0.046985,2.1
IMP-C008-20240427,C008,2024-04-27,681,18,0.027241,1.8
IMP-C008-20240428,C008,2024-04-28,822,24,0.029511,2.4
IMP-C008-20240429,C008,2024-04-29,444,7,0.017277,0.7
IMP-C008-20240430,C008,2024-04-30,662,9,0.01364,0.9
IMP-C008-20240501,C008,2024-05-01,805,34,0.042392,3.75
IMP-C008-20240502,C008,2024-05-02,586,29,0.050558,8.01
IMP-C008-20240503,C008,2024-05-03,550,5,0.010888,1.19
IMP-C008-20240504,C008,2024-05-04,724,14,0.02042,2.9
IMP-C008-20240505,C008,2024-05-05,545,14,0.025792,1.4
IMP-C008-20240506,C008,2024-05-06,566,22,0.039632,2.2
IMP-C008-20240507,C008,2024-05-07,607,11,0.018929,2.51
IMP-C008-20240508,C008,2024-05-08,567,9,0.016729,4.68
IMP-C008-20240509,C008,2024-05-09,739,15,0.020741,4.04
IMP-C008-20240510,C008,2024-05-10,680,24,0.035708,2.4
IMP-C008-20240511,C008,2024-05-11,750,15,0.021164,1.5
IMP-C008-20240512,C008,2024-05-12,995,31,0.031622,3.1
IMP-C008-20240513,C008,2024-05-13,269,12,0.044677,1.2
IMP-C008-20240514,C008,2024-05-14,449,10,0.024024,5.45
IMP-C008-20240515,C008,2024-05-15,715,18,0.026106,3.82
IMP-C008-20240516,C008,2024-05-16,509,15,0.029676,2.13
IMP-C008-20240517,C008,2024-05-17,745,29,0.039606,7.78
IMP-C008-20240518,C008,2024-05-18,545,20,0.036902,2.0
IMP-C008-20240519,C008,2024-05-19,437,10,0.023161,1.45
IMP-C008-20240520,C008,2024-05-20,736,18,0.025798,1.8
IMP-C008-20240521,C008,2024-05-21,608,17,0.029361,2.99
IMP-C008-20240522,C008,2024-05-22,737,29,0.040227,2.9
IMP-C008-20240523,C008,2024-05-23,507,7,0.015518,2.31
IMP-C008-20240524,C008,2024-05-24,817,19,0.024219,1.9
IMP-C008-20240525,C008,2024-05-25,820,27,0.034067,6.77
IMP-C008-20240526,C008,2024-05-26,421,15,0.036145,1.5
IMP-C008-20240527,C008,2024-05-27,429,10,0.023839,1.0
IMP-C008-20240528,C008,2024-05-28,566,6,0.010708,2.45
IMP-C008-20240529,C008,2024-05-29,769,3,0.005,1.24
IMP-C008-20240530,C008,2024-05-30,478,18,0.038284,1.8
IMP-C008-20240531,C008,2024-05-31,604,15,0.025779,7.25
IMP-C008-20240601,C008,2024-06-01,414,14,0.035294,6.31
IMP-C008-20240602,C008,2024-06-02,707,39,0.055896,3.9
IMP-C008-20240603,C008,2024-06-03,743,19,0.026727,9.31
IMP-C008-20240604,C008,2024-06-04,598,13,0.023345,6.65
IMP-C008-20240605,C008,2024-06-05,526,5,0.011047,0.5
IMP-C008-20240606,C008,2024-06-06,692,30,0.044704,4.6
IMP-C008-20240607,C008,2024-06-07,797,9,0.011702,0.9
IMP-C008-20240608,C008,2024-06-08,556,14,0.026625,2.03
IMP-C008-20240609,C008,2024-06-09,703,15,0.022662,2.43
IMP-C008-20240610,C008,2024-06-10,593,10,0.016889,1.0
IMP-C008-20240611,C008,2024-06-11,578,15,0.026019,1.94
IMP-C008-20240612,C008,2024-06-12,611,13,0.022812,6.52
IMP-C008-20240613,C008,2024-06-13,424,8,0.019348,7.63
IMP-C008-20240614,C008,2024-06-14,444,5,0.011755,1.7
IMP-C008-20240615,C008,2024-06-15,288,7,0.025177,5.35
IMP-C008-20240616,C008,2024-06-16,368,1,0.005,0.1
IMP-C008-20240617,C008,2024-06-17,734,30,0.041497,3.0
IMP-C008-20240618,C008,2024-06-18,702,31,0.044683,20.34
IMP-C008-20240619,C008,2024-06-19,563,2,0.005,0.2
IMP-C008-20240620,C008,2024-06-20,535,13,0.024893,1.3
IMP-C008-20240621,C008,2024-06-21,767,33,0.043293,3.3
IMP-C008-20240622,C008,2024-06-22,764,24,0.032292,3.34
IMP-C008-20240623,C008,2024-06-23,735,21,0.028867,15.48
IMP-C008-20240624,C008,2024-06-24,384,8,0.021818,0.8
IMP-C008-20240625,C008,2024-06-25,665,28,0.043216,3.16
IMP-C008-20240626,C008,2024-06-26,386,14,0.03811,4.85
IMP-C008-20240627,C008,2024-06-27,308,8,0.027954,0.8
IMP-C008-20240628,C008,2024-06-28,500,8,0.017166,2.9
IMP-C008-20240629,C008,2024-06-29,617,7,0.012573,2.69
IMP-C008-20240630,C008,2024-06-30,384,12,0.031961,1.2
IMP-C008-20240701,C008,2024-07-01,545,18,0.034051,4.98
IMP-C008-20240702,C008,2024-07-02,800,21,0.027013,4.45
IMP-C008-20240703,C008,2024-07-03,534,16,0.030184,4.03
IMP-C008-20240704,C008,2024-07-04,585,3,0.006355,0.66
IMP-C008-20240705,C008,2024-07-05,654,12,0.019838,1.2
IMP-C008-20240706,C008,2024-07-06,821,27,0.033897,2.7
IMP-C008-20240707,C008,2024-07-07,429,7,0.018138,3.58
IMP-C008-20240708,C008,2024-07-08,620,13,0.021393,3.55
IMP-C008-20240709,C008,2024-07-09,477,21,0.04601,11.04
IMP-C008-20240710,C008,2024-07-10,530,10,0.020456,1.0
IMP-C008-20240711,C008,2024-07-11,377,4,0.011926,0.64
IMP-C008-20240712,C008,2024-07-12,551,6,0.011856,0.6
IMP-C008-20240713,C008,2024-07-13,675,23,0.034334,2.3
IMP-C008-20240714,C008,2024-07-14,580,6,0.0114,2.34
IMP-C008-20240715,C008,2024-07-15,717,12,0.017224,1.2
IMP-C008-20240716,C008,2024-07-16,530,2,0.005,0.44
IMP-C008-20240717,C008,2024-07-17,559,22,0.039642,2.2
IMP-C008-20240718,C008,2024-07-18,507,5,0.009922,0.5
IMP-C008-20240719,C008,2024-07-19,422,16,0.039952,1.6
IMP-C008-20240720,C008,2024-07-20,618,14,0.023431,1.4
IMP-C008-20240721,C008,2024-07-21,574,20,0.035189,2.0
IMP-C008-20240722,C008,2024-07-22,721,12,0.017803,1.2
IMP-C008-20240723,C008,2024-07-23,679,13,0.020039,1.71
IMP-C008-20240724,C008,2024-07-24,552,16,0.029552,1.6
IMP-C008-20240725,C008,2024-07-25,325,11,0.035392,4.74
IMP-C008-20240726,C008,2024-07-26,463,11,0.025072,2.29
IMP-C008-20240727,C008,2024-07-27,703,3,0.005,0.3
IMP-C008-20240728,C008,2024-07-28,550,20,0.036438,17.39
IMP-C008-20240729,C008,2024-07-29,565,6,0.011116,1.44
IMP-C008-20240730,C008,2024-07-30,798,23,0.029296,2.3
IMP-C008-20240731,C008,2024-07-31,743,26,0.035963,2.6
IMP-C008-20240801,C008,2024-08-01,657,26,0.039967,12.34
IMP-C008-20240802,C008,2024-08-02,590,13,0.023703,6.35
IMP-C008-20240803,C008,2024-08-03,418,13,0.033263,1.3
IMP-C008-20240804,C008,2024-08-04,759,18,0.024903,9.01
IMP-C008-20240805,C008,2024-08-05,673,8,0.013321,4.38
IMP-C008-20240806,C008,2024-08-06,832,32,0.038587,3.2
IMP-C008-20240807,C008,2024-08-07,554,16,0.029745,1.6
IMP-C008-20240808,C008,2024-08-08,853,25,0.029732,2.5
IMP-C008-20240809,C008,2024-08-09,650,15,0.023822,1.5
IMP-C008-20240810,C008,2024-08-10,544,20,0.037685,9.12
IMP-C008-20240811,C008,2024-08-11,642,15,0.023928,1.61
IMP-C008-20240812,C008,2024-08-12,602,11,0.018371,3.23
IMP-C008-20240813,C008,2024-08-13,669,31,0.046485,15.39
IMP-C008-20240814,C008,2024-08-14,497,18,0.037844,1.8
IMP-C008-20240815,C008,2024-08-15,704,15,0.021801,1.5
IMP-C008-20240816,C008,2024-08-16,642,3,0.005,0.3
IMP-C008-20240817,C008,2024-08-17,573,16,0.028989,1.6
IMP-C008-20240818,C008,2024-08-18,363,6,0.018185,1.42
IMP-C008-20240819,C008,2024-08-19,687,19,0.027805,8.87
IMP-C008-20240820,C008,2024-08-20,659,12,0.019031,1.2
IMP-C008-20240821,C008,2024-08-21,389,10,0.026702,4.54
IMP-C008-20240822,C008,2024-08-22,702,31,0.044824,3.1
IMP-C008-20240823,C008,2024-08-23,801,20,0.02568,11.23
IMP-C008-20240824,C008,2024-08-24,596,21,0.036487,11.81
IMP-C008-20240825,C008,2024-08-25,570,17,0.030621,8.61
IMP-C008-20240826,C008,2024-08-26,580,7,0.012149,5.34
IMP-C008-20240827,C008,2024-08-27,529,15,0.029905,7.0
IMP-C008-20240828,C008,2024-08-28,508,8,0.015906,1.57
IMP-C008-20240829,C008,2024-08-29,331,8,0.024545,1.55
IMP-C008-20240830,C008,2024-08-30,559,5,0.009479,2.99
IMP-C008-20240831,C008,2024-08-31,615,27,0.045174,2.7
IMP-C008-20240901,C008,2024-09-01,467,14,0.03123,1.4
IMP-C008-20240902,C008,2024-09-02,423,19,0.045637,1.9
IMP-C008-20240903,C008,2024-09-03,323,14,0.043938,1.4
IMP-C008-20240904,C008,2024-09-04,508,3,0.006815,1.93
IMP-C008-20240905,C008,2024-09-05,406,11,0.028701,4.33
IMP-C008-20240906,C008,2024-09-06,663,18,0.027284,1.8
IMP-C008-20240907,C008,2024-09-07,478,14,0.030254,1.4
IMP-C008-20240908,C008,2024-09-08,630,22,0.036181,8.99
IMP-C008-20240909,C008,2024-09-09,416,22,0.05436,7.71
IMP-C008-20240910,C008,2024-09-10,599,24,0.041074,19.91
IMP-C008-20240911,C008,2024-09-11,384,9,0.025297,0.9
IMP-C008-20240912,C008,2024-09-12,628,20,0.032385,2.17
IMP-C008-20240913,C008,2024-09-13,501,2,0.005,0.46
IMP-C008-20240914,C008,2024-09-14,818,17,0.020908,4.28
IMP-C008-20240915,C008,2024-09-15,364,12,0.033487,1.2
IMP-C008-20240916,C008,2024-09-16,485,9,0.018876,0.9
IMP-C008-20240917,C008,2024-09-17,657,8,0.012254,0.8
IMP-C008-20240918,C008,2024-09-18,593,8,0.014812,5.27
IMP-C008-20240919,C008,2024-09-19,471,9,0.019967,0.9
IMP-C008-20240920,C008,2024-09-20,869,30,0.034635,3.0
IMP-C008-20240921,C008,2024-09-21,765,23,0.030408,4.54
IMP-C008-20240922,C008,2024-09-22,548,10,0.019007,2.21
IMP-C008-20240923,C008,2024-09-23,518,25,0.049801,2.5
IMP-C008-20240924,C008,2024-09-24,830,22,0.026664,4.61
IMP-C008-20240925,C008,2024-09-25,724,14,0.020437,5.31
IMP-C008-20240926,C008,2024-09-26,193,3,0.01936,0.3
IMP-C008-20240927,C008,2024-09-27,411,10,0.025421,2.36
IMP-C008-20240928,C008,2024-09-28,705,21,0.030891,2.1
IMP-C008-20240929,C008,2024-09-29,655,19,0.029491,7.62
IMP-C008-20240930,C008,2024-09-30,716,20,0.028366,2.0
IMP-C008-20241001,C008,2024-10-01,502,10,0.021403,1.0
IMP-C008-20241002,C008,2024-10-02,640,23,0.036582,2.41
IMP-C008-20241003,C008,2024-10-03,602,17,0.02972,1.7
IMP-C008-20241004,C008,2024-10-04,461,3,0.006935,0.3
IMP-C008-20241005,C008,2024-10-05,670,13,0.019565,1.3
IMP-C008-20241006,C008,2024-10-06,669,22,0.034248,2.2
IMP-C008-20241007,C008,2024-10-07,749,31,0.041528,3.1
IMP-C008-20241008,C008,2024-10-08,476,20,0.042293,2.0
IMP-C008-20241009,C008,2024-10-09,267,2,0.011204,0.2
IMP-C008-20241010,C008,2024-10-10,425,9,0.023039,1.17
IMP-C008-20241011,C008,2024-10-11,819,20,0.024515,8.84
IMP-C008-20241012,C008,2024-10-12,814,36,0.045212,7.4
IMP-C008-20241013,C008,2024-10-13,305,10,0.03353,4.35
IMP-C008-20241014,C008,2024-10-14,587,28,0.048935,10.58
IMP-C008-20241015,C008,2024-10-15,685,28,0.041037,6.16
IMP-C008-20241016,C008,2024-10-16,226,4,0.02201,1.92
IMP-C008-20241017,C008,2024-10-17,478,12,0.025318,1.2
IMP-C008-20241018,C008,2024-10-18,867,41,0.048178,4.1
IMP-C008-20241019,C008,2024-10-19,622,12,0.019834,3.65
IMP-C008-20241020,C008,2024-10-20,676,25,0.03774,5.49
IMP-C008-20241021,C008,2024-10-21,1040,16,0.015665,1.6
IMP-C008-20241022,C008,2024-10-22,541,4,0.009184,0.4
IMP-C008-20241023,C008,2024-10-23,449,7,0.016934,0.7
IMP-C008-20241024,C008,2024-10-24,677,14,0.021926,1.4
IMP-C008-20241025,C008,2024-10-25,734,13,0.018804,1.3
IMP-C008-20241026,C008,2024-10-26,654,3,0.005,0.3
IMP-C008-20241027,C008,2024-10-27,651,22,0.033904,16.26
IMP-C008-20241028,C008,2024-10-28,623,23,0.037837,2.3
IMP-C008-20241029,C008,2024-10-29,644,30,0.048007,3.0
IMP-C008-20241030,C008,2024-10-30,662,35,0.053627,7.16
IMP-C008-20241031,C008,2024-10-31,847,17,0.020449,1.88
IMP-C008-20241101,C008,2024-11-01,786,3,0.005,0.3
IMP-C008-20241102,C008,2024-11-02,566,21,0.037865,8.01
IMP-C008-20241103,C008,2024-11-03,843,31,0.037889,3.1
IMP-C008-20241104,C008,2024-11-04,1014,28,0.028105,3.85
IMP-C008-20241105,C008,2024-11-05,728,26,0.036213,2.6
IMP-C008-20241106,C008,2024-11-06,970,13,0.014414,1.3
IMP-C008-20241107,C008,2024-11-07,914,24,0.026937,2.4
IMP-C008-20241108,C008,2024-11-08,953,19,0.020713,1.9
IMP-C008-20241109,C008,2024-11-09,1052,48,0.04647,28.4
IMP-C008-20241110,C008,2024-11-10,724,30,0.042768,3.0
IMP-C008-20241111,C008,2024-11-11,603,3,0.005,1.87
IMP-C008-20241112,C008,2024-11-12,611,16,0.026482,1.6
IMP-C008-20241113,C008,2024-11-13,915,21,0.023492,2.1
IMP-C008-20241114,C008,2024-11-14,866,9,0.010795,0.9
IMP-C008-20241115,C008,2024-11-15,369,4,0.010913,0.69
IMP-C008-20241116,C008,2024-11-16,396,4,0.010226,0.48
IMP-C008-20241117,C008,2024-11-17,673,34,0.051904,22.79
IMP-C008-20241118,C008,2024-11-18,610,21,0.034686,7.24
IMP-C008-20241119,C008,2024-11-19,663,6,0.010054,0.7
IMP-C008-20241120,C008,2024-11-20,746,16,0.022771,4.04
IMP-C008-20241121,C008,2024-11-21,633,8,0.014176,1.22
IMP-C008-20241122,C008,2024-11-22,855,11,0.01388,4.38
IMP-C008-20241123,C008,2024-11-23,434,9,0.021063,0.9
IMP-C008-20241124,C008,2024-11-24,655,13,0.021219,8.86
IMP-C008-20241125,C008,2024-11-25,614,35,0.057295,8.79
IMP-C008-20241126,C008,2024-11-26,797,26,0.033715,22.85
IMP-C008-20241127,C008,2024-11-27,586,8,0.014555,0.8
IMP-C008-20241128,C008,2024-11-28,786,5,0.007291,0.63
IMP-C008-20241129,C008,2024-11-29,1110,33,0.029817,3.3
IMP-C008-20241130,C008,2024-11-30,659,25,0.038782,2.5
IMP-C008-20241201,C008,2024-12-01,1140,58,0.0512,11.43
IMP-C008-20241202,C008,2024-12-02,777,31,0.040368,13.9
IMP-C008-20241203,C008,2024-12-03,622,13,0.021681,1.3
IMP-C008-20241204,C008,2024-12-04,859,30,0.036,3.0
IMP-C008-20241205,C008,2024-12-05,691,8,0.011833,0.8
IMP-C008-20241206,C008,2024-12-06,887,17,0.019198,1.7
IMP-C008-20241207,C008,2024-12-07,462,13,0.030244,1.39
IMP-C008-20241208,C008,2024-12-08,637,16,0.025732,2.79
IMP-C008-20241209,C008,2024-12-09,621,6,0.010285,3.97
IMP-C008-20241210,C008,2024-12-10,656,17,0.026839,7.2
IMP-C008-20241211,C008,2024-12-11,1468,19,0.013066,4.84
IMP-C008-20241212,C008,2024-12-12,642,13,0.021535,1.3
IMP-C008-20241213,C008,2024-12-13,560,15,0.027505,1.5
IMP-C008-20241214,C008,2024-12-14,964,27,0.02866,6.66
IMP-C008-20241215,C008,2024-12-15,689,16,0.023594,3.3
IMP-C008-20241216,C008,2024-12-16,553,13,0.023704,1.3
IMP-C008-20241217,C008,2024-12-17,606,3,0.005,1.57
IMP-C008-20241218,C008,2024-12-18,646,27,0.041961,11.9
IMP-C008-20241219,C008,2024-12-19,529,7,0.014939,6.22
IMP-C008-20241220,C008,2024-12-20,1121,30,0.027622,5.92
IMP-C008-20241221,C008,2024-12-21,656,21,0.033188,2.1
IMP-C008-20241222,C008,2024-12-22,383,4,0.012141,0.51
IMP-C008-20241223,C008,2024-12-23,559,15,0.027193,1.5
IMP-C008-20241224,C008,2024-12-24,627,23,0.038238,4.47
IMP-C008-20241225,C008,2024-12-25,778,29,0.038548,7.66
IMP-C008-20241226,C008,2024-12-26,1062,23,0.022482,2.3
IMP-C008-20241227,C008,2024-12-27,526,12,0.022852,4.91
IMP-C008-20241228,C008,2024-12-28,1033,40,0.039524,4.0
IMP-C008-20241229,C008,2024-12-29,991,5,0.005938,1.95
IMP-C008-20241230,C008,2024-12-30,708,25,0.03643,2.5
IMP-C008-20241231,C008,2024-12-31,1008,10,0.01042,1.0
IMP-C009-20240201,C009,2024-02-01,720,5,0.006949,0.74
IMP-C009-20240202,C009,2024-02-02,1393,83,0.060003,12.38
IMP-C009-20240203,C009,2024-02-03,1228,37,0.030785,9.98
IMP-C009-20240204,C009,2024-02-04,877,26,0.030341,7.31
IMP-C009-20240205,C009,2024-02-05,821,22,0.02707,2.25
IMP-C009-20240206,C009,2024-02-06,1158,17,0.015208,1.78
IMP-C009-20240207,C009,2024-02-07,1418,59,0.041969,30.96
IMP-C009-20240208,C009,2024-02-08,965,30,0.031852,12.62
IMP-C009-20240209,C009,2024-02-09,1334,6,0.005,0.6
IMP-C009-20240210,C009,2024-02-10,1274,31,0.024677,3.1
IMP-C009-20240211,C009,2024-02-11,659,14,0.02134,1.4
IMP-C009-20240212,C009,2024-02-12,1461,40,0.027731,4.1
IMP-C009-20240213,C009,2024-02-13,1101,43,0.039548,17.36
IMP-C009-20240214,C009,2024-02-14,1217,24,0.02043,2.4
IMP-C009-20240215,C009,2024-02-15,1144,24,0.021671,2.84
IMP-C009-20240216,C009,2024-02-16,1055,39,0.037422,3.9
IMP-C009-20240217,C009,2024-02-17,1131,28,0.025195,9.3
IMP-C009-20240218,C009,2024-02-18,1146,54,0.047295,28.41
IMP-C009-20240219,C009,2024-02-19,1283,58,0.045324,12.03
IMP-C009-20240220,C009,2024-02-20,967,37,0.038474,12.57
IMP-C009-20240221,C009,2024-02-21,885,29,0.032858,3.17
IMP-C009-20240222,C009,2024-02-22,755,32,0.043486,4.37
IMP-C009-20240223,C009,2024-02-23,1451,12,0.008494,1.2
IMP-C009-20240224,C009,2024-02-24,967,40,0.041649,9.59
IMP-C009-20240225,C009,2024-02-25,1034,14,0.014473,1.4
IMP-C009-20240226,C009,2024-02-26,1037,12,0.011631,1.2
IMP-C009-20240227,C009,2024-02-27,1080,17,0.016212,10.23
IMP-C009-20240228,C009,2024-02-28,1253,11,0.009143,1.1
IMP-C009-20240229,C009,2024-02-29,411,7,0.018609,2.45
IMP-C009-20240301,C009,2024-03-01,946,31,0.03353,3.1
IMP-C009-20240302,C009,2024-03-02,1266,27,0.021339,3.34
IMP-C009-20240303,C009,2024-03-03,1031,13,0.012741,1.3
IMP-C009-20240304,C009,2024-03-04,1311,42,0.032788,18.27
IMP-C009-20240305,C009,2024-03-05,1141,33,0.029716,3.3
IMP-C009-20240306,C009,2024-03-06,984,27,0.027671,19.06
IMP-C009-20240307,C009,2024-03-07,1237,57,0.046433,17.06
IMP-C009-20240308,C009,2024-03-08,868,25,0.029405,4.77
IMP-C009-20240309,C009,2024-03-09,808,18,0.023387,1.8
IMP-C009-20240310,C009,2024-03-10,1479,7,0.005,3.37
IMP-C009-20240311,C009,2024-03-11,808,9,0.011535,4.27
IMP-C009-20240312,C009,2024-03-12,1249,53,0.043054,19.09
IMP-C009-20240313,C009,2024-03-13,1599,55,0.034705,5.5
IMP-C009-20240314,C009,2024-03-14,1146,49,0.042922,4.9
IMP-C009-20240315,C009,2024-03-15,883,21,0.024292,2.1
IMP-C009-20240316,C009,2024-03-16,1092,5,0.005366,0.68
IMP-C009-20240317,C009,2024-03-17,1284,28,0.022277,17.45
IMP-C009-20240318,C009,2024-03-18,670,28,0.042295,9.03
IMP-C009-20240319,C009,2024-03-19,602,36,0.06053,3.63
IMP-C009-20240320,C009,2024-03-20,824,9,0.011115,0.9
IMP-C009-20240321,C009,2024-03-21,1022,29,0.029232,2.9
IMP-C009-20240322,C009,2024-03-22,1223,28,0.023348,2.8
IMP-C009-20240323,C009,2024-03-23,1016,5,0.005,1.13
IMP-C009-20240324,C009,2024-03-24,797,23,0.02996,11.83
IMP-C009-20240325,C009,2024-03-25,805,32,0.040735,3.2
IMP-C009-20240326,C009,2024-03-26,1518,35,0.023618,3.5
IMP-C009-20240327,C009,2024-03-27,1237,28,0.022771,2.8
IMP-C009-20240328,C009,2024-03-28,929,25,0.027465,13.07
IMP-C009-20240329,C009,2024-03-29,545,15,0.028277,4.61
IMP-C009-20240330,C009,2024-03-30,1107,48,0.043718,4.8
IMP-C009-20240331,C009,2024-03-31,1007,35,0.035108,5.24
IMP-C009-20240401,C009,2024-04-01,952,32,0.034194,3.2
IMP-C009-20240402,C009,2024-04-02,894,19,0.021664,9.99
IMP-C009-20240403,C009,2024-04-03,205,6,0.032747,0.78
IMP-C009-20240404,C009,2024-04-04,612,19,0.031717,4.99
IMP-C009-20240405,C009,2024-04-05,1211,6,0.005,3.18
IMP-C009-20240406,C009,2024-04-06,861,31,0.036239,10.61
IMP-C009-20240407,C009,2024-04-07,824,29,0.035926,2.9
IMP-C009-20240408,C009,2024-04-08,509,21,0.042013,2.1
IMP-C009-20240409,C009,2024-04-09,830,19,0.023163,3.83
IMP-C009-20240410,C009,2024-04-10,1040,35,0.034577,3.5
IMP-C009-20240411,C009,2024-04-11,860,22,0.026608,15.17
IMP-C009-20240412,C009,2024-04-12,1025,42,0.041023,5.53
IMP-C009-20240413,C009,2024-04-13,928,23,0.025039,2.3
IMP-C009-20240414,C009,2024-04-14,1215,54,0.044495,12.31
IMP-C009-20240415,C009,2024-04-15,1369,22,0.016423,2.2
IMP-C009-20240416,C009,2024-04-16,864,27,0.031773,2.7
IMP-C009-20240417,C009,2024-04-17,1248,21,0.016828,2.79
IMP-C009-20240418,C009,2024-04-18,1237,6,0.005,4.54
IMP-C009-20240419,C009,2024-04-19,981,4,0.005,0.67
IMP-C009-20240420,C009,2024-04-20,1064,28,0.027017,11.69
IMP-C009-20240421,C009,2024-04-21,1253,39,0.031575,9.95
IMP-C009-20240422,C009,2024-04-22,1028,50,0.049306,5.0
IMP-C009-20240423,C009,2024-04-23,1092,31,0.02878,11.28
IMP-C009-20240424,C009,2024-04-24,833,5,0.007076,0.84
IMP-C009-20240425,C009,2024-04-25,1130,51,0.045875,5.1
IMP-C009-20240426,C009,2024-04-26,1360,76,0.056409,7.6
IMP-C009-20240427,C009,2024-04-27,715,16,0.023116,1.99
IMP-C009-20240428,C009,2024-04-28,1204,25,0.020903,14.66
IMP-C009-20240429,C009,2024-04-29,761,5,0.00713,2.26
IMP-C009-20240430,C009,2024-04-30,455,11,0.02555,11.61
IMP-C009-20240501,C009,2024-05-01,957,13,0.014551,1.34
IMP-C009-20240502,C009,2024-05-02,947,28,0.029928,8.92
IMP-C009-20240503,C009,2024-05-03,710,34,0.048251,6.58
IMP-C009-20240504,C009,2024-05-04,1134,23,0.020462,11.64
IMP-C009-20240505,C009,2024-05-05,898,28,0.031331,2.8
IMP-C009-20240506,C009,2024-05-06,720,26,0.036258,2.6
IMP-C009-20240507,C009,2024-05-07,755,15,0.020282,4.95
IMP-C009-20240508,C009,2024-05-08,809,21,0.026588,2.61
IMP-C009-20240509,C009,2024-05-09,499,5,0.010346,1.1
IMP-C009-20240510,C009,2024-05-10,783,31,0.040681,12.71
IMP-C009-20240511,C009,2024-05-11,1132,56,0.049837,5.6
IMP-C009-20240512,C009,2024-05-12,1115,23,0.020987,19.68
IMP-C009-20240513,C009,2024-05-13,1436,40,0.028143,9.44
IMP-C009-20240514,C009,2024-05-14,1286,33,0.026234,3.3
IMP-C009-20240515,C009,2024-05-15,1169,33,0.028941,5.77
IMP-C009-20240516,C009,2024-05-16,759,5,0.007388,0.95
IMP-C009-20240517,C009,2024-05-17,1177,29,0.02529,15.98
IMP-C009-20240518,C009,2024-05-18,791,12,0.015344,1.2
IMP-C009-20240519,C009,2024-05-19,940,35,0.03724,3.5
IMP-C009-20240520,C009,2024-05-20,1288,66,0.051603,7.14
IMP-C009-20240521,C009,2024-05-21,1259,19,0.015322,8.41
IMP-C009-20240522,C009,2024-05-22,1211,46,0.038361,5.31
IMP-C009-20240523,C009,2024-05-23,250,5,0.020299,0.5
IMP-C009-20240524,C009,2024-05-24,725,21,0.029467,2.1
IMP-C009-20240525,C009,2024-05-25,762,11,0.015294,1.1
IMP-C009-20240526,C009,2024-05-26,1229,24,0.020068,2.4
IMP-C009-20240527,C009,2024-05-27,850,27,0.032068,6.94
IMP-C009-20240528,C009,2024-05-28,229,9,0.04026,4.96
IMP-C009-20240529,C009,2024-05-29,707,11,0.016332,1.1
IMP-C009-20240530,C009,2024-05-30,778,23,0.030687,2.3
IMP-C009-20240531,C009,2024-05-31,691,32,0.04647,3.2
IMP-C009-20240601,C009,2024-06-01,1258,40,0.032264,4.0
IMP-C009-20240602,C009,2024-06-02,1112,29,0.026588,2.9
IMP-C009-20240603,C009,2024-06-03,1018,34,0.033696,11.3
IMP-C009-20240604,C009,2024-06-04,1242,40,0.032898,4.0
IMP-C009-20240605,C009,2024-06-05,846,53,0.063317,17.88
IMP-C009-20240606,C009,2024-06-06,1528,68,0.044745,13.09
IMP-C009-20240607,C009,2024-06-07,1032,28,0.027561,2.8
IMP-C009-20240608,C009,2024-06-08,964,40,0.042528,4.0
IMP-C009-20240609,C009,2024-06-09,1058,40,0.038219,4.0
IMP-C009-20240610,C009,2024-06-10,851,13,0.015785,1.3
IMP-C009-20240611,C009,2024-06-11,650,11,0.017195,6.0
IMP-C009-20240612,C009,2024-06-12,740,21,0.029518,2.1
IMP-C009-20240613,C009,2024-06-13,1242,54,0.043734,20.48
IMP-C009-20240614,C009,2024-06-14,1033,26,0.025227,2.6
IMP-C009-20240615,C009,2024-06-15,1426,26,0.018884,8.3
IMP-C009-20240616,C009,2024-06-16,1214,25,0.021337,10.79
IMP-C009-20240617,C009,2024-06-17,1143,55,0.048736,5.5
IMP-C009-20240618,C009,2024-06-18,651,14,0.021934,2.56
IMP-C009-20240619,C009,2024-06-19,973,22,0.023279,2.2
IMP-C009-20240620,C009,2024-06-20,1072,55,0.051668,14.26
IMP-C009-20240621,C009,2024-06-21,1106,38,0.034869,9.09
IMP-C009-20240622,C009,2024-06-22,1183,38,0.032744,3.8
IMP-C009-20240623,C009,2024-06-23,768,19,0.025012,4.07
IMP-C009-20240624,C009,2024-06-24,884,28,0.031772,7.05
IMP-C009-20240625,C009,2024-06-25,1159,50,0.043394,7.17
IMP-C009-20240626,C009,2024-06-26,646,15,0.023859,2.0
IMP-C009-20240627,C009,2024-06-27,519,23,0.044664,3.74
IMP-C009-20240628,C009,2024-06-28,1051,46,0.044386,4.6
IMP-C009-20240629,C009,2024-06-29,1097,29,0.026682,2.9
IMP-C009-20240630,C009,2024-06-30,774,37,0.047987,3.7
IMP-C009-20240701,C009,2024-07-01,1127,6,0.0055,2.84
IMP-C009-20240702,C009,2024-07-02,1212,35,0.029169,3.5
IMP-C009-20240703,C009,2024-07-03,1056,58,0.055465,5.8
IMP-C009-20240704,C009,2024-07-04,1147,19,0.017061,2.17
IMP-C009-20240705,C009,2024-07-05,900,20,0.02286,2.34
IMP-C009-20240706,C009,2024-07-06,687,27,0.04035,2.7
IMP-C009-20240707,C009,2024-07-07,1089,26,0.024082,2.6
IMP-C009-20240708,C009,2024-07-08,1008,9,0.009317,1.19
IMP-C009-20240709,C009,2024-07-09,618,20,0.033535,2.0
IMP-C009-20240710,C009,2024-07-10,851,26,0.031527,2.6
IMP-C009-20240711,C009,2024-07-11,946,9,0.009834,2.78
IMP-C009-20240712,C009,2024-07-12,1383,85,0.061507,12.52
IMP-C009-20240713,C009,2024-07-13,1149,7,0.006632,4.0
IMP-C009-20240714,C009,2024-07-14,1146,25,0.022193,12.28
IMP-C009-20240715,C009,2024-07-15,898,20,0.022504,5.25
IMP-C009-20240716,C009,2024-07-16,704,28,0.040259,2.8
IMP-C009-20240717,C009,2024-07-17,707,12,0.017084,4.17
IMP-C009-20240718,C009,2024-07-18,811,9,0.011824,0.9
IMP-C009-20240719,C009,2024-07-19,952,13,0.013828,1.3
IMP-C009-20240720,C009,2024-07-20,1466,25,0.017673,2.5
IMP-C009-20240721,C009,2024-07-21,871,19,0.022944,5.82
IMP-C009-20240722,C009,2024-07-22,1187,28,0.024329,2.8
IMP-C009-20240723,C009,2024-07-23,1265,33,0.026856,21.09
IMP-C009-20240724,C009,2024-07-24,421,12,0.030345,8.35
IMP-C009-20240725,C009,2024-07-25,875,22,0.025294,4.59
IMP-C009-20240726,C009,2024-07-26,825,20,0.024255,2.0
IMP-C009-20240727,C009,2024-07-27,809,34,0.042746,8.78
IMP-C009-20240728,C009,2024-07-28,1020,38,0.037703,3.8
IMP-C009-20240729,C009,2024-07-29,774,16,0.020769,1.93
IMP-C009-20240730,C009,2024-07-30,705,15,0.021997,1.5
IMP-C009-20240731,C009,2024-07-31,1469,7,0.005,0.7
IMP-C009-20240801,C009,2024-08-01,1374,40,0.029462,13.84
IMP-C009-20240802,C009,2024-08-02,983,19,0.019992,1.9
IMP-C009-20240803,C009,2024-08-03,1009,18,0.018693,1.8
IMP-C009-20240804,C009,2024-08-04,840,41,0.048938,34.5
IMP-C009-20240805,C009,2024-08-05,1012,22,0.022423,2.2
IMP-C009-20240806,C009,2024-08-06,1072,52,0.049395,5.2
IMP-C009-20240807,C009,2024-08-07,389,14,0.036041,5.82
IMP-C009-20240808,C009,2024-08-08,579,17,0.030118,4.34
IMP-C009-20240809,C009,2024-08-09,942,17,0.018511,7.22
IMP-C009-20240810,C009,2024-08-10,863,8,0.010178,0.8
IMP-C009-20240811,C009,2024-08-11,1262,44,0.0354,6.44
IMP-C009-20240812,C009,2024-08-12,854,18,0.021652,1.8
IMP-C009-20240813,C009,2024-08-13,856,4,0.005,0.4
IMP-C009-20240814,C009,2024-08-14,885,31,0.035319,3.35
IMP-C009-20240815,C009,2024-08-15,1150,50,0.04419,21.87
IMP-C009-20240816,C009,2024-08-16,1072,30,0.028142,3.0
IMP-C009-20240817,C009,2024-08-17,1137,54,0.048157,12.02
IMP-C009-20240818,C009,2024-08-18,1420,13,0.009693,1.3
IMP-C009-20240819,C009,2024-08-19,1165,36,0.031171,18.51
IMP-C009-20240820,C009,2024-08-20,956,16,0.017584,1.6
IMP-C009-20240821,C009,2024-08-21,592,8,0.014457,3.29
IMP-C009-20240822,C009,2024-08-22,1169,37,0.032356,3.7
IMP-C009-20240823,C009,2024-08-23,873,11,0.0133,5.2
IMP-C009-20240824,C009,2024-08-24,819,12,0.014971,1.55
IMP-C009-20240825,C009,2024-08-25,806,36,0.045805,3.6
IMP-C009-20240826,C009,2024-08-26,624,3,0.005,0.33
IMP-C009-20240827,C009,2024-08-27,825,8,0.010853,3.81
IMP-C009-20240828,C009,2024-08-28,1120,30,0.027661,15.88
IMP-C009-20240829,C009,2024-08-29,1119,20,0.018126,2.0
IMP-C009-20240830,C009,2024-08-30,1156,37,0.032756,6.32
IMP-C009-20240831,C009,2024-08-31,756,26,0.035295,2.6
IMP-C009-20240901,C009,2024-09-01,935,42,0.045363,4.2
IMP-C009-20240902,C009,2024-09-02,582,8,0.015369,3.35
IMP-C009-20240903,C009,2024-09-03,1021,27,0.026453,2.7
IMP-C009-20240904,C009,2024-09-04,1076,19,0.017811,4.02
IMP-C009-20240905,C009,2024-09-05,784,13,0.017228,1.3
IMP-C009-20240906,C009,2024-09-06,869,23,0.027414,4.38
IMP-C009-20240907,C009,2024-09-07,74,1,0.018308,0.1
IMP-C009-20240908,C009,2024-09-08,1321,19,0.01504,3.21
IMP-C009-20240909,C009,2024-09-09,1318,16,0.012244,3.81
IMP-C009-20240910,C009,2024-09-10,767,16,0.021944,1.6
IMP-C009-20240911,C009,2024-09-11,784,47,0.060663,17.55
IMP-C009-20240912,C009,2024-09-12,1224,41,0.033904,4.1
IMP-C009-20240913,C009,2024-09-13,1054,43,0.040875,4.3
IMP-C009-20240914,C009,2024-09-14,1191,43,0.036452,29.05
IMP-C009-20240915,C009,2024-09-15,859,12,0.014829,1.2
IMP-C009-20240916,C009,2024-09-16,1304,7,0.006059,0.7
IMP-C009-20240917,C009,2024-09-17,981,22,0.022689,2.69
IMP-C009-20240918,C009,2024-09-18,1186,25,0.021369,2.5
IMP-C009-20240919,C009,2024-09-19,1450,23,0.016033,2.3
IMP-C009-20240920,C009,2024-09-20,1224,28,0.023386,2.83
IMP-C009-20240921,C009,2024-09-21,1075,44,0.041003,4.4
IMP-C009-20240922,C009,2024-09-22,1324,6,0.005,2.09
IMP-C009-20240923,C009,2024-09-23,758,33,0.044467,5.37
IMP-C009-20240924,C009,2024-09-24,798,28,0.035954,10.86
IMP-C009-20240925,C009,2024-09-25,1114,17,0.015644,1.7
IMP-C009-20240926,C009,2024-09-26,959,26,0.027505,8.97
IMP-C009-20240927,C009,2024-09-27,476,15,0.032012,1.5
IMP-C009-20240928,C009,2024-09-28,758,14,0.01909,1.4
IMP-C009-20240929,C009,2024-09-29,95,1,0.019585,0.1
IMP-C009-20240930,C009,2024-09-30,1087,19,0.018334,1.9
IMP-C009-20241001,C009,2024-10-01,1330,53,0.039932,20.71
IMP-C009-20241002,C009,2024-10-02,840,28,0.034516,2.8
IMP-C009-20241003,C009,2024-10-03,912,30,0.032916,3.0
IMP-C009-20241004,C009,2024-10-04,1318,34,0.026078,10.39
IMP-C009-20241005,C009,2024-10-05,1309,52,0.04038,5.2
IMP-C009-20241006,C009,2024-10-06,1066,40,0.038209,15.5
IMP-C009-20241007,C009,2024-10-07,692,13,0.020116,5.44
IMP-C009-20241008,C009,2024-10-08,777,18,0.024404,10.67
IMP-C009-20241009,C009,2024-10-09,948,18,0.019279,1.8
IMP-C009-20241010,C009,2024-10-10,1039,12,0.012002,1.2
IMP-C009-20241011,C009,2024-10-11,1039,45,0.04359,14.41
IMP-C009-20241012,C009,2024-10-12,788,33,0.042141,3.3
IMP-C009-20241013,C009,2024-10-13,663,17,0.025936,9.37
IMP-C009-20241014,C009,2024-10-14,999,28,0.02815,17.11
IMP-C009-20241015,C009,2024-10-15,616,7,0.012573,0.7
IMP-C009-20241016,C009,2024-10-16,1049,31,0.029998,18.07
IMP-C009-20241017,C009,2024-10-17,1018,23,0.02315,2.77
IMP-C009-20241018,C009,2024-10-18,988,7,0.007939,6.53
IMP-C009-20241019,C009,2024-10-19,1084,33,0.03052,10.05
IMP-C009-20241020,C009,2024-10-20,1130,29,0.026313,2.9
IMP-C009-20241021,C009,2024-10-21,1103,35,0.032629,3.5
IMP-C009-20241022,C009,2024-10-22,1300,40,0.03152,13.56
IMP-C009-20241023,C009,2024-10-23,1294,36,0.028263,7.74
IMP-C009-20241024,C009,2024-10-24,1154,22,0.019302,3.0
IMP-C009-20241025,C009,2024-10-25,990,16,0.016527,13.04
IMP-C009-20241026,C009,2024-10-26,622,7,0.012423,3.6
IMP-C009-20241027,C009,2024-10-27,1131,17,0.015688,5.14
IMP-C009-20241028,C009,2024-10-28,1312,36,0.027637,32.39
IMP-C009-20241029,C009,2024-10-29,546,19,0.036326,8.93
IMP-C009-20241030,C009,2024-10-30,1173,29,0.025548,2.9
IMP-C009-20241031,C009,2024-10-31,1066,40,0.037789,12.03
IMP-C009-20241101,C009,2024-11-01,1572,24,0.015774,2.4
IMP-C009-20241102,C009,2024-11-02,954,22,0.023367,9.34
IMP-C009-20241103,C009,2024-11-03,1281,75,0.059282,13.35
IMP-C009-20241104,C009,2024-11-04,1266,37,0.029274,3.7
IMP-C009-20241105,C009,2024-11-05,1229,51,0.041533,7.86
IMP-C009-20241106,C009,2024-11-06,1000,16,0.016899,1.6
IMP-C009-20241107,C009,2024-11-07,1271,53,0.042323,5.3
IMP-C009-20241108,C009,2024-11-08,1148,34,0.029732,3.4
IMP-C009-20241109,C009,2024-11-09,987,19,0.019841,1.9
IMP-C009-20241110,C009,2024-11-10,1307,34,0.026073,3.4
IMP-C009-20241111,C009,2024-11-11,1381,67,0.048677,40.99
IMP-C009-20241112,C009,2024-11-12,648,22,0.034925,2.2
IMP-C009-20241113,C009,2024-11-13,1296,30,0.023221,4.66
IMP-C009-20241114,C009,2024-11-14,1295,27,0.021053,2.7
IMP-C009-20241115,C009,2024-11-15,1108,34,0.030811,10.19
IMP-C009-20241116,C009,2024-11-16,1514,33,0.02207,6.77
IMP-C009-20241117,C009,2024-11-17,1548,64,0.041987,6.55
IMP-C009-20241118,C009,2024-11-18,1179,35,0.030293,3.5
IMP-C009-20241119,C009,2024-11-19,1187,43,0.036935,13.44
IMP-C009-20241120,C009,2024-11-20,1163,35,0.030613,3.5
IMP-C009-20241121,C009,2024-11-21,1467,39,0.027066,3.9
IMP-C009-20241122,C009,2024-11-22,1135,30,0.027245,3.0
IMP-C009-20241123,C009,2024-11-23,1453,33,0.023257,19.73
IMP-C009-20241124,C009,2024-11-24,1705,29,0.017301,4.09
IMP-C009-20241125,C009,2024-11-25,1044,25,0.02408,18.02
IMP-C009-20241126,C009,2024-11-26,1152,37,0.032323,10.45
IMP-C009-20241127,C009,2024-11-27,935,16,0.017739,1.6
IMP-C009-20241128,C009,2024-11-28,971,4,0.005,1.13
IMP-C009-20241129,C009,2024-11-29,1888,56,0.029774,5.6
IMP-C009-20241130,C009,2024-11-30,1047,23,0.022493,2.3
IMP-C010-20240101,C010,2024-01-01,437,16,0.037723,1.6
IMP-C010-20240102,C010,2024-01-02,425,19,0.046322,11.98
IMP-C010-20240103,C010,2024-01-03,617,10,0.017176,9.07
IMP-C010-20240104,C010,2024-01-04,328,6,0.02089,0.95
IMP-C010-20240105,C010,2024-01-05,307,10,0.032789,1.0
IMP-C010-20240106,C010,2024-01-06,338,14,0.043427,1.4
IMP-C010-20240107,C010,2024-01-07,372,12,0.033703,4.93
IMP-C010-20240108,C010,2024-01-08,211,7,0.035014,0.7
IMP-C010-20240109,C010,2024-01-09,374,15,0.040719,1.5
IMP-C010-20240110,C010,2024-01-10,268,1,0.005,0.1
IMP-C010-20240111,C010,2024-01-11,479,12,0.026553,1.2
IMP-C010-20240112,C010,2024-01-12,316,3,0.010146,0.3
IMP-C010-20240113,C010,2024-01-13,394,5,0.013914,1.97
IMP-C010-20240114,C010,2024-01-14,353,10,0.029027,1.0
IMP-C010-20240115,C010,2024-01-15,429,16,0.037398,2.57
IMP-C010-20240116,C010,2024-01-16,410,10,0.025455,2.23
IMP-C010-20240117,C010,2024-01-17,329,9,0.028027,0.9
IMP-C010-20240118,C010,2024-01-18,318,6,0.019731,1.2
IMP-C010-20240119,C010,2024-01-19,477,20,0.042053,2.0
IMP-C010-20240120,C010,2024-01-20,476,11,0.024182,2.64
IMP-C010-20240121,C010,2024-01-21,278,8,0.029704,1.23
IMP-C010-20240122,C010,2024-01-22,226,7,0.035299,3.25
IMP-C010-20240123,C010,2024-01-23,344,15,0.044322,1.5
IMP-C010-20240124,C010,2024-01-24,436,2,0.005,1.57
IMP-C010-20240125,C010,2024-01-25,494,12,0.024584,1.2
IMP-C010-20240126,C010,2024-01-26,385,4,0.010673,0.77
IMP-C010-20240127,C010,2024-01-27,397,6,0.016703,2.38
IMP-C010-20240128,C010,2024-01-28,432,17,0.03971,1.7
IMP-C010-20240129,C010,2024-01-29,232,9,0.039734,0.9
IMP-C010-20240130,C010,2024-01-30,234,10,0.044224,6.9
IMP-C010-20240131,C010,2024-01-31,356,19,0.053909,1.9
IMP-C010-20240201,C010,2024-02-01,325,6,0.020434,3.31
IMP-C010-20240202,C010,2024-02-02,289,10,0.036823,1.0
IMP-C010-20240203,C010,2024-02-03,318,12,0.040363,1.2
IMP-C010-20240204,C010,2024-02-04,323,13,0.041594,7.01
IMP-C010-20240205,C010,2024-02-05,418,8,0.020143,0.8
IMP-C010-20240206,C010,2024-02-06,367,11,0.031851,1.1
IMP-C010-20240207,C010,2024-02-07,425,12,0.029026,1.2
IMP-C010-20240208,C010,2024-02-08,276,6,0.02195,0.6
IMP-C010-20240209,C010,2024-02-09,530,16,0.030858,1.6
IMP-C010-20240210,C010,2024-02-10,379,9,0.023775,1.42
IMP-C010-20240211,C010,2024-02-11,412,17,0.042511,1.7
IMP-C010-20240212,C010,2024-02-12,507,19,0.038896,1.9
IMP-C010-20240213,C010,2024-02-13,558,17,0.031924,1.7
IMP-C010-20240214,C010,2024-02-14,508,26,0.052933,2.6
IMP-C010-20240215,C010,2024-02-15,314,8,0.025932,2.2
IMP-C010-20240216,C010,2024-02-16,475,16,0.034846,1.6
IMP-C010-20240217,C010,2024-02-17,494,11,0.024246,4.06
IMP-C010-20240218,C010,2024-02-18,334,11,0.033172,1.1
IMP-C010-20240219,C010,2024-02-19,354,8,0.023471,3.71
IMP-C010-20240220,C010,2024-02-20,294,5,0.019117,3.48
IMP-C010-20240221,C010,2024-02-21,448,2,0.005,0.2
IMP-C010-20240222,C010,2024-02-22,196,3,0.016592,0.3
IMP-C010-20240223,C010,2024-02-23,347,4,0.014297,0.4
IMP-C010-20240224,C010,2024-02-24,213,6,0.028995,0.6
IMP-C010-20240225,C010,2024-02-25,495,22,0.044936,6.5
IMP-C010-20240226,C010,2024-02-26,330,17,0.051825,1.7
IMP-C010-20240227,C010,2024-02-27,233,6,0.026995,4.42
IMP-C010-20240228,C010,2024-02-28,341,8,0.025801,0.8
IMP-C010-20240229,C010,2024-02-29,445,17,0.039438,5.04
IMP-C010-20240301,C010,2024-03-01,333,6,0.01952,0.6
IMP-C010-20240302,C010,2024-03-02,404,6,0.015035,0.6
IMP-C010-20240303,C010,2024-03-03,354,7,0.02213,0.7
IMP-C010-20240304,C010,2024-03-04,442,12,0.028949,1.2
IMP-C010-20240305,C010,2024-03-05,414,6,0.016102,0.6
IMP-C010-20240306,C010,2024-03-06,410,4,0.009963,1.43
IMP-C010-20240307,C010,2024-03-07,308,8,0.029084,3.27
IMP-C010-20240308,C010,2024-03-08,487,13,0.028412,1.3
IMP-C010-20240309,C010,2024-03-09,489,17,0.036096,1.7
IMP-C010-20240310,C010,2024-03-10,317,1,0.005,0.11
IMP-C010-20240311,C010,2024-03-11,387,16,0.041634,2.68
IMP-C010-20240312,C010,2024-03-12,528,10,0.019632,4.01
IMP-C010-20240313,C010,2024-03-13,343,12,0.037331,1.2
IMP-C010-20240314,C010,2024-03-14,419,2,0.005,0.2
IMP-C010-20240315,C010,2024-03-15,439,9,0.021748,0.9
IMP-C010-20240316,C010,2024-03-16,479,12,0.026758,1.2
IMP-C010-20240317,C010,2024-03-17,400,23,0.05964,9.34
IMP-C010-20240318,C010,2024-03-18,511,16,0.033227,1.76
IMP-C010-20240319,C010,2024-03-19,158,3,0.019852,0.3
IMP-C010-20240320,C010,2024-03-20,210,2,0.014111,0.2
IMP-C010-20240321,C010,2024-03-21,392,14,0.037825,5.49
IMP-C010-20240322,C010,2024-03-22,437,7,0.016439,0.7
IMP-C010-20240323,C010,2024-03-23,222,2,0.012772,0.2
IMP-C010-20240324,C010,2024-03-24,380,6,0.01583,0.97
IMP-C010-20240325,C010,2024-03-25,373,10,0.028127,4.02
IMP-C010-20240326,C010,2024-03-26,279,9,0.033024,0.9
IMP-C010-20240327,C010,2024-03-27,362,13,0.038623,4.21
IMP-C010-20240328,C010,2024-03-28,302,7,0.025814,1.01
IMP-C010-20240329,C010,2024-03-29,368,12,0.03502,1.73
IMP-C010-20240330,C010,2024-03-30,577,5,0.009637,0.5
IMP-C010-20240331,C010,2024-03-31,306,10,0.035249,1.0
IMP-C010-20240401,C010,2024-04-01,430,8,0.020439,0.8
IMP-C010-20240402,C010,2024-04-02,252,5,0.022419,1.93
IMP-C010-20240403,C010,2024-04-03,393,13,0.035532,7.27
IMP-C010-20240404,C010,2024-04-04,422,8,0.021294,1.6
IMP-C010-20240405,C010,2024-04-05,342,7,0.021947,0.7
IMP-C010-20240406,C010,2024-04-06,487,11,0.023368,1.26
IMP-C010-20240407,C010,2024-04-07,293,9,0.033231,0.9
IMP-C010-20240408,C010,2024-04-08,381,14,0.038534,4.16
IMP-C010-20240409,C010,2024-04-09,393,2,0.006782,1.92
IMP-C010-20240410,C010,2024-04-10,568,20,0.036672,2.0
IMP-C010-20240411,C010,2024-04-11,384,8,0.021479,3.51
IMP-C010-20240412,C010,2024-04-12,421,7,0.01859,0.7
IMP-C010-20240413,C010,2024-04-13,506,23,0.047201,11.93
IMP-C010-20240414,C010,2024-04-14,470,11,0.024969,1.1
IMP-C010-20240415,C010,2024-04-15,425,11,0.027978,1.12
IMP-C010-20240416,C010,2024-04-16,401,4,0.012085,0.91
IMP-C010-20240417,C010,2024-04-17,458,16,0.036188,5.5
IMP-C010-20240418,C010,2024-04-18,455,10,0.02308,1.0
IMP-C010-20240419,C010,2024-04-19,405,11,0.029292,3.95
IMP-C010-20240420,C010,2024-04-20,459,24,0.052928,17.33
IMP-C010-20240421,C010,2024-04-21,403,2,0.005,0.86
IMP-C010-20240422,C010,2024-04-22,342,6,0.018382,0.6
IMP-C010-20240423,C010,2024-04-23,351,12,0.035347,1.2
IMP-C010-20240424,C010,2024-04-24,289,9,0.032118,2.22
IMP-C010-20240425,C010,2024-04-25,459,8,0.018556,0.8
IMP-C010-20240426,C010,2024-04-26,345,10,0.030878,5.06
IMP-C010-20240427,C010,2024-04-27,193,4,0.025351,0.4
IMP-C010-20240428,C010,2024-04-28,232,9,0.039603,2.01
IMP-C010-20240429,C010,2024-04-29,440,17,0.039052,1.7
IMP-C010-20240430,C010,2024-04-30,353,19,0.054229,1.9
IMP-C010-20240501,C010,2024-05-01,426,11,0.028077,1.1
IMP-C010-20240502,C010,2024-05-02,175,3,0.021052,1.13
IMP-C010-20240503,C010,2024-05-03,430,16,0.038969,1.6
IMP-C010-20240504,C010,2024-05-04,505,8,0.016421,0.99
IMP-C010-20240505,C010,2024-05-05,359,9,0.025914,4.15
IMP-C010-20240506,C010,2024-05-06,296,3,0.011805,0.3
IMP-C010-20240507,C010,2024-05-07,324,22,0.068529,5.78
IMP-C010-20240508,C010,2024-05-08,323,4,0.015327,0.4
IMP-C010-20240509,C010,2024-05-09,267,7,0.029379,3.42
IMP-C010-20240510,C010,2024-05-10,460,14,0.030749,1.4
IMP-C010-20240511,C010,2024-05-11,384,8,0.021776,4.6
IMP-C010-20240512,C010,2024-05-12,342,9,0.026964,0.9
IMP-C010-20240513,C010,2024-05-13,342,13,0.038038,1.3
IMP-C010-20240514,C010,2024-05-14,292,10,0.037513,1.0
IMP-C010-20240515,C010,2024-05-15,455,9,0.021614,0.9
IMP-C010-20240516,C010,2024-05-16,258,8,0.032537,6.38
IMP-C010-20240517,C010,2024-05-17,430,7,0.017629,2.8
IMP-C010-20240518,C010,2024-05-18,331,14,0.044494,4.23
IMP-C010-20240519,C010,2024-05-19,95,1,0.015951,0.34
IMP-C010-20240520,C010,2024-05-20,373,5,0.015715,0.5
IMP-C010-20240521,C010,2024-05-21,188,5,0.02694,3.62
IMP-C010-20240522,C010,2024-05-22,432,23,0.054285,7.47
IMP-C010-20240523,C010,2024-05-23,452,23,0.051689,3.98
IMP-C010-20240524,C010,2024-05-24,343,13,0.040392,6.45
IMP-C010-20240525,C010,2024-05-25,316,6,0.019341,0.61
IMP-C010-20240526,C010,2024-05-26,434,16,0.037577,1.6
IMP-C010-20240527,C010,2024-05-27,532,10,0.020306,1.0
IMP-C010-20240528,C010,2024-05-28,278,16,0.06038,2.12
IMP-C010-20240529,C010,2024-05-29,283,10,0.038367,2.91
IMP-C010-20240530,C010,2024-05-30,343,13,0.038087,1.3
IMP-C010-20240531,C010,2024-05-31,315,1,0.005,0.1
IMP-C010-20240601,C010,2024-06-01,522,24,0.047697,2.4
IMP-C010-20240602,C010,2024-06-02,509,13,0.026079,1.3
IMP-C010-20240603,C010,2024-06-03,365,9,0.026501,0.9
IMP-C010-20240604,C010,2024-06-04,462,13,0.029802,3.56
IMP-C010-20240605,C010,2024-06-05,452,14,0.032658,1.4
IMP-C010-20240606,C010,2024-06-06,238,7,0.029785,0.7
IMP-C010-20240607,C010,2024-06-07,367,10,0.027807,8.35
IMP-C010-20240608,C010,2024-06-08,240,1,0.005,0.16
IMP-C010-20240609,C010,2024-06-09,326,10,0.031793,2.35
IMP-C010-20240610,C010,2024-06-10,475,4,0.009913,0.4
IMP-C010-20240611,C010,2024-06-11,398,14,0.037246,10.05
IMP-C010-20240612,C010,2024-06-12,446,12,0.027319,1.2
IMP-C010-20240613,C010,2024-06-13,309,6,0.020888,1.54
IMP-C010-20240614,C010,2024-06-14,383,4,0.012116,0.4
IMP-C010-20240615,C010,2024-06-15,438,14,0.03222,3.23
IMP-C010-20240616,C010,2024-06-16,394,18,0.047517,2.35
IMP-C010-20240617,C010,2024-06-17,325,5,0.017011,0.67
IMP-C010-20240618,C010,2024-06-18,140,3,0.025789,0.3
IMP-C010-20240619,C010,2024-06-19,237,3,0.016861,0.91
IMP-C010-20240620,C010,2024-06-20,380,11,0.029221,1.67
IMP-C010-20240621,C010,2024-06-21,368,15,0.042914,1.5
IMP-C010-20240622,C010,2024-06-22,228,10,0.047562,1.71
IMP-C010-20240623,C010,2024-06-23,306,3,0.012959,0.54
IMP-C010-20240624,C010,2024-06-24,349,16,0.04689,1.6
IMP-C010-20240625,C010,2024-06-25,284,11,0.03875,3.71
IMP-C010-20240626,C010,2024-06-26,375,13,0.036116,1.3
IMP-C010-20240627,C010,2024-06-27,381,15,0.04198,3.71
IMP-C010-20240628,C010,2024-06-28,344,15,0.044228,1.5
IMP-C010-20240629,C010,2024-06-29,544,4,0.007528,0.4
IMP-C010-20240630,C010,2024-06-30,356,9,0.026242,3.26
IMP-C010-20240701,C010,2024-07-01,264,8,0.031129,0.8
IMP-C010-20240702,C010,2024-07-02,386,10,0.027223,1.0
IMP-C010-20240703,C010,2024-07-03,310,6,0.021879,0.88
IMP-C010-20240704,C010,2024-07-04,444,9,0.020821,0.9
IMP-C010-20240705,C010,2024-07-05,415,11,0.02761,3.4
IMP-C010-20240706,C010,2024-07-06,278,1,0.006647,0.1
IMP-C010-20240707,C010,2024-07-07,291,7,0.027055,0.7
IMP-C010-20240708,C010,2024-07-08,426,10,0.024542,1.05
IMP-C010-20240709,C010,2024-07-09,374,11,0.030339,1.1
IMP-C010-20240710,C010,2024-07-10,405,7,0.018452,3.36
IMP-C010-20240711,C010,2024-07-11,338,4,0.012261,0.47
IMP-C010-20240712,C010,2024-07-12,283,10,0.035984,7.23
IMP-C010-20240713,C010,2024-07-13,289,9,0.031988,0.9
IMP-C010-20240714,C010,2024-07-14,400,6,0.017371,0.6
IMP-C010-20240715,C010,2024-07-15,260,9,0.036786,3.26
IMP-C010-20240716,C010,2024-07-16,362,6,0.017627,3.22
IMP-C010-20240717,C010,2024-07-17,292,1,0.005,0.2
IMP-C010-20240718,C010,2024-07-18,260,10,0.039863,1.0
IMP-C010-20240719,C010,2024-07-19,414,18,0.044818,1.8
IMP-C010-20240720,C010,2024-07-20,309,8,0.027092,4.17
IMP-C010-20240721,C010,2024-07-21,300,6,0.020866,1.22
IMP-C010-20240722,C010,2024-07-22,308,9,0.02983,0.9
IMP-C010-20240723,C010,2024-07-23,559,6,0.011827,0.6
IMP-C010-20240724,C010,2024-07-24,357,18,0.050952,1.8
IMP-C010-20240725,C010,2024-07-25,538,19,0.037086,3.52
IMP-C010-20240726,C010,2024-07-26,271,9,0.034854,0.9
IMP-C010-20240727,C010,2024-07-27,473,7,0.016347,0.7
IMP-C010-20240728,C010,2024-07-28,310,5,0.01615,1.41
IMP-C010-20240729,C010,2024-07-29,408,17,0.042508,1.7
IMP-C010-20240730,C010,2024-07-30,455,26,0.058065,2.6
IMP-C010-20240731,C010,2024-07-31,530,13,0.024842,1.3
IMP-C010-20240801,C010,2024-08-01,332,13,0.040578,1.3
IMP-C010-20240802,C010,2024-08-02,305,10,0.035122,1.0
IMP-C010-20240803,C010,2024-08-03,412,12,0.030854,2.45
IMP-C010-20240804,C010,2024-08-04,321,9,0.030781,0.9
IMP-C010-20240805,C010,2024-08-05,475,9,0.020389,3.59
IMP-C010-20240806,C010,2024-08-06,338,10,0.030424,1.0
IMP-C010-20240807,C010,2024-08-07,268,1,0.007063,0.1
IMP-C010-20240808,C010,2024-08-08,330,10,0.030543,3.63
IMP-C010-20240809,C010,2024-08-09,319,5,0.017416,0.5
IMP-C010-20240810,C010,2024-08-10,403,17,0.044598,7.48
IMP-C010-20240811,C010,2024-08-11,423,15,0.035663,8.54
IMP-C010-20240812,C010,2024-08-12,389,13,0.035754,1.3
IMP-C010-20240813,C010,2024-08-13,237,4,0.019794,0.4
IMP-C010-20240814,C010,2024-08-14,365,18,0.051115,1.8
IMP-C010-20240815,C010,2024-08-15,466,10,0.022779,1.0
IMP-C010-20240816,C010,2024-08-16,240,4,0.019092,0.87
IMP-C010-20240817,C010,2024-08-17,360,14,0.039315,1.6
IMP-C010-20240818,C010,2024-08-18,328,17,0.05378,1.7
IMP-C010-20240819,C010,2024-08-19,464,10,0.023185,2.73
IMP-C010-20240820,C010,2024-08-20,443,13,0.030502,1.3
IMP-C010-20240821,C010,2024-08-21,361,15,0.042766,3.27
IMP-C010-20240822,C010,2024-08-22,400,2,0.007333,0.2
IMP-C010-20240823,C010,2024-08-23,397,13,0.032925,5.52
IMP-C010-20240824,C010,2024-08-24,346,11,0.03287,1.1
IMP-C010-20240825,C010,2024-08-25,271,1,0.005,0.19
IMP-C010-20240826,C010,2024-08-26,375,7,0.020582,0.7
IMP-C010-20240827,C010,2024-08-27,416,10,0.024809,2.27
IMP-C010-20240828,C010,2024-08-28,527,2,0.005,0.2
IMP-C010-20240829,C010,2024-08-29,341,15,0.045458,1.5
IMP-C010-20240830,C010,2024-08-30,534,15,0.02963,1.5
IMP-C010-20240831,C010,2024-08-31,342,7,0.022765,2.62
IMP-C010-20240901,C010,2024-09-01,263,8,0.032145,0.8
IMP-C010-20240902,C010,2024-09-02,291,17,0.059032,3.16
IMP-C010-20240903,C010,2024-09-03,415,17,0.041653,1.7
IMP-C010-20240904,C010,2024-09-04,517,2,0.005,0.2
IMP-C010-20240905,C010,2024-09-05,318,11,0.034981,1.38
IMP-C010-20240906,C010,2024-09-06,344,9,0.027856,0.9
IMP-C010-20240907,C010,2024-09-07,225,8,0.036718,2.14
IMP-C010-20240908,C010,2024-09-08,502,9,0.01852,2.41
IMP-C010-20240909,C010,2024-09-09,334,14,0.042286,5.13
IMP-C010-20240910,C010,2024-09-10,379,9,0.023926,3.13
IMP-C010-20240911,C010,2024-09-11,418,8,0.019787,0.8
IMP-C010-20240912,C010,2024-09-12,334,15,0.046185,6.06
IMP-C010-20240913,C010,2024-09-13,259,3,0.013987,1.33
IMP-C010-20240914,C010,2024-09-14,257,8,0.034112,0.8
IMP-C010-20240915,C010,2024-09-15,505,9,0.018755,3.63
IMP-C010-20240916,C010,2024-09-16,376,11,0.031026,1.1
IMP-C010-20240917,C010,2024-09-17,161,4,0.025353,0.54
IMP-C010-20240918,C010,2024-09-18,258,3,0.014936,0.69
IMP-C010-20240919,C010,2024-09-19,410,10,0.026347,2.94
IMP-C010-20240920,C010,2024-09-20,254,6,0.023729,3.33
IMP-C010-20240921,C010,2024-09-21,366,10,0.029516,7.52
IMP-C010-20240922,C010,2024-09-22,234,8,0.037557,4.47
IMP-C010-20240923,C010,2024-09-23,330,12,0.038316,1.2
IMP-C010-20240924,C010,2024-09-24,298,9,0.03262,2.7
IMP-C010-20240925,C010,2024-09-25,460,21,0.046836,2.1
IMP-C010-20240926,C010,2024-09-26,467,11,0.023892,3.64
IMP-C010-20240927,C010,2024-09-27,378,12,0.033348,2.24
IMP-C010-20240928,C010,2024-09-28,215,3,0.014511,0.3
IMP-C010-20240929,C010,2024-09-29,208,7,0.037975,2.25
IMP-C010-20240930,C010,2024-09-30,389,5,0.014546,2.37
IMP-C010-20241001,C010,2024-10-01,543,16,0.029765,3.41
IMP-C010-20241002,C010,2024-10-02,378,12,0.034364,1.2
IMP-C010-20241003,C010,2024-10-03,356,13,0.038869,9.93
IMP-C010-20241004,C010,2024-10-04,233,6,0.026754,0.6
IMP-C010-20241005,C010,2024-10-05,503,10,0.020947,1.0
IMP-C010-20241006,C010,2024-10-06,417,20,0.048932,5.18
IMP-C010-20241007,C010,2024-10-07,378,12,0.03291,5.81
IMP-C010-20241008,C010,2024-10-08,281,7,0.026658,0.7
IMP-C010-20241009,C010,2024-10-09,254,6,0.024059,2.35
IMP-C010-20241010,C010,2024-10-10,410,14,0.035732,1.46
IMP-C010-20241011,C010,2024-10-11,407,7,0.018393,0.7
IMP-C010-20241012,C010,2024-10-12,377,11,0.03133,1.72
IMP-C010-20241013,C010,2024-10-13,347,8,0.023471,8.06
IMP-C010-20241014,C010,2024-10-14,441,14,0.032958,1.4
IMP-C010-20241015,C010,2024-10-15,319,8,0.02643,1.18
IMP-C010-20241016,C010,2024-10-16,190,1,0.009167,0.1
IMP-C010-20241017,C010,2024-10-17,378,9,0.025129,4.53
IMP-C010-20241018,C010,2024-10-18,226,4,0.018984,2.06
IMP-C010-20241019,C010,2024-10-19,371,14,0.038618,9.46
IMP-C010-20241020,C010,2024-10-20,297,7,0.026808,0.7
IMP-C010-20241021,C010,2024-10-21,184,4,0.024275,1.3
IMP-C010-20241022,C010,2024-10-22,408,14,0.035429,1.4
IMP-C010-20241023,C010,2024-10-23,300,12,0.043231,1.2
IMP-C010-20241024,C010,2024-10-24,386,11,0.02996,5.48
IMP-C010-20241025,C010,2024-10-25,447,5,0.012457,0.5
IMP-C010-20241026,C010,2024-10-26,412,11,0.027228,1.1
IMP-C010-20241027,C010,2024-10-27,451,13,0.03025,1.3
IMP-C010-20241028,C010,2024-10-28,430,10,0.023499,5.31
IMP-C010-20241029,C010,2024-10-29,289,10,0.035883,4.9
IMP-C010-20241030,C010,2024-10-30,236,5,0.02388,2.01
IMP-C010-20241031,C010,2024-10-31,464,12,0.025942,1.2
IMP-C010-20241101,C010,2024-11-01,579,24,0.042203,2.4
IMP-C010-20241102,C010,2024-11-02,327,10,0.030703,2.49
IMP-C010-20241103,C010,2024-11-03,433,15,0.036152,1.5
IMP-C010-20241104,C010,2024-11-04,220,5,0.022913,0.5
IMP-C010-20241105,C010,2024-11-05,435,6,0.014097,0.6
IMP-C010-20241106,C010,2024-11-06,407,15,0.038772,6.55
IMP-C010-20241107,C010,2024-11-07,606,11,0.018209,1.1
IMP-C010-20241108,C010,2024-11-08,526,18,0.035621,3.24
IMP-C010-20241109,C010,2024-11-09,232,4,0.017597,0.4
IMP-C010-20241110,C010,2024-11-10,525,19,0.037208,1.96
IMP-C010-20241111,C010,2024-11-11,506,14,0.029018,3.72
IMP-C010-20241112,C010,2024-11-12,504,14,0.028789,1.4
IMP-C010-20241113,C010,2024-11-13,477,16,0.033815,2.24
IMP-C010-20241114,C010,2024-11-14,512,22,0.044113,3.07
IMP-C010-20241115,C010,2024-11-15,392,15,0.038603,1.5
IMP-C010-20241116,C010,2024-11-16,341,10,0.03203,2.15
IMP-C010-20241117,C010,2024-11-17,322,7,0.023406,0.7
IMP-C010-20241118,C010,2024-11-18,411,16,0.039323,4.35
IMP-C010-20241119,C010,2024-11-19,465,9,0.021448,0.9
IMP-C010-20241120,C010,2024-11-20,634,22,0.035105,2.2
IMP-C010-20241121,C010,2024-11-21,552,14,0.027157,1.4
IMP-C010-20241122,C010,2024-11-22,518,9,0.019102,0.9
IMP-C010-20241123,C010,2024-11-23,482,10,0.022007,2.61
IMP-C010-20241124,C010,2024-11-24,686,12,0.018948,1.2
IMP-C010-20241125,C010,2024-11-25,233,6,0.026194,0.6
IMP-C010-20241126,C010,2024-11-26,492,14,0.029591,1.4
IMP-C010-20241127,C010,2024-11-27,255,8,0.031551,0.81
IMP-C010-20241128,C010,2024-11-28,418,3,0.008114,0.6
IMP-C010-20241129,C010,2024-11-29,616,19,0.031336,1.9
IMP-C010-20241130,C010,2024-11-30,473,5,0.011607,1.89
IMP-C010-20241201,C010,2024-12-01,477,3,0.006782,0.3
IMP-C010-20241202,C010,2024-12-02,522,12,0.024003,1.2
IMP-C010-20241203,C010,2024-12-03,324,11,0.034798,1.1
IMP-C010-20241204,C010,2024-12-04,215,5,0.023545,1.77
IMP-C010-20241205,C010,2024-12-05,422,20,0.048856,3.77
IMP-C010-20241206,C010,2024-12-06,507,13,0.026459,1.3
IMP-C010-20241207,C010,2024-12-07,437,10,0.024373,2.19
IMP-C010-20241208,C010,2024-12-08,358,5,0.015089,0.5
IMP-C010-20241209,C010,2024-12-09,707,24,0.034364,3.63
IMP-C010-20241210,C010,2024-12-10,344,12,0.03548,1.2
IMP-C010-20241211,C010,2024-12-11,493,8,0.016281,0.86
IMP-C010-20241212,C010,2024-12-12,418,7,0.018813,1.96
IMP-C010-20241213,C010,2024-12-13,288,10,0.034777,2.65
IMP-C010-20241214,C010,2024-12-14,365,6,0.018156,0.6
IMP-C010-20241215,C010,2024-12-15,500,13,0.026166,2.47
IMP-C010-20241216,C010,2024-12-16,674,14,0.021907,1.4
IMP-C010-20241217,C010,2024-12-17,564,27,0.0482,4.8
IMP-C010-20241218,C010,2024-12-18,340,9,0.026513,0.9
IMP-C010-20241219,C010,2024-12-19,543,6,0.011785,0.6
IMP-C010-20241220,C010,2024-12-20,350,10,0.029522,1.0
IMP-C010-20241221,C010,2024-12-21,488,13,0.028268,1.3
IMP-C010-20241222,C010,2024-12-22,541,14,0.027415,1.4
IMP-C010-20241223,C010,2024-12-23,730,24,0.033717,2.4
IMP-C010-20241224,C010,2024-12-24,633,31,0.050102,3.1
IMP-C010-20241225,C010,2024-12-25,508,8,0.016144,0.8
IMP-C010-20241226,C010,2024-12-26,444,13,0.030218,2.08
IMP-C010-20241227,C010,2024-12-27,533,16,0.030852,1.6
IMP-C010-20241228,C010,2024-12-28,358,7,0.021443,0.7
IMP-C010-20241229,C010,2024-12-29,590,8,0.014045,0.8
IMP-C010-20241230,C010,2024-12-30,579,14,0.024401,2.77
IMP-C010-20241231,C010,2024-12-31,451,14,0.031081,1.4
IMP-C011-20240101,C011,2024-01-01,50,0,0.0,0.0
IMP-C011-20240102,C011,2024-01-02,50,0,0.0,0.0
IMP-C011-20240103,C011,2024-01-03,50,0,0.0,0.0
IMP-C011-20240104,C011,2024-01-04,50,0,0.0,0.0
IMP-C011-20240105,C011,2024-01-05,50,0,0.0,0.0
IMP-C011-20240106,C011,2024-01-06,50,0,0.0,0.0
IMP-C011-20240107,C011,2024-01-07,50,0,0.0,0.0
IMP-C011-20240108,C011,2024-01-08,50,0,0.0,0.0
IMP-C011-20240109,C011,2024-01-09,50,0,0.0,0.0
IMP-C011-20240110,C011,2024-01-10,50,0,0.0,0.0
IMP-C011-20240111,C011,2024-01-11,50,0,0.0,0.0
IMP-C011-20240112,C011,2024-01-12,50,0,0.0,0.0
IMP-C011-20240113,C011,2024-01-13,50,0,0.0,0.0
IMP-C011-20240114,C011,2024-01-14,50,0,0.0,0.0
IMP-C011-20240115,C011,2024-01-15,50,0,0.0,0.0
IMP-C011-20240116,C011,2024-01-16,50,0,0.0,0.0
IMP-C011-20240117,C011,2024-01-17,50,0,0.0,0.0
IMP-C011-20240118,C011,2024-01-18,50,0,0.0,0.0
IMP-C011-20240119,C011,2024-01-19,50,0,0.0,0.0
IMP-C011-20240120,C011,2024-01-20,50,0,0.0,0.0
IMP-C011-20240121,C011,2024-01-21,50,0,0.0,0.0
IMP-C011-20240122,C011,2024-01-22,50,0,0.0,0.0
IMP-C011-20240123,C011,2024-01-23,50,0,0.0,0.0
IMP-C011-20240124,C011,2024-01-24,50,0,0.0,0.0
IMP-C011-20240125,C011,2024-01-25,50,0,0.0,0.0
IMP-C011-20240126,C011,2024-01-26,50,0,0.0,0.0
IMP-C011-20240127,C011,2024-01-27,50,0,0.0,0.0
IMP-C011-20240128,C011,2024-01-28,50,0,0.0,0.0
IMP-C011-20240129,C011,2024-01-29,50,0,0.0,0.0
IMP-C011-20240130,C011,2024-01-30,50,0,0.0,0.0
IMP-C011-20240131,C011,2024-01-31,50,0,0.0,0.0
IMP-C011-20240201,C011,2024-02-01,50,0,0.0,0.0
IMP-C011-20240202,C011,2024-02-02,50,0,0.0,0.0
IMP-C011-20240203,C011,2024-02-03,50,0,0.0,0.0
IMP-C011-20240204,C011,2024-02-04,50,0,0.0,0.0
IMP-C011-20240205,C011,2024-02-05,50,0,0.0,0.0
IMP-C011-20240206,C011,2024-02-06,50,0,0.0,0.0
IMP-C011-20240207,C011,2024-02-07,50,0,0.0,0.0
IMP-C011-20240208,C011,2024-02-08,50,0,0.0,0.0
IMP-C011-20240209,C011,2024-02-09,50,0,0.0,0.0
IMP-C011-20240210,C011,2024-02-10,50,0,0.0,0.0
IMP-C011-20240211,C011,2024-02-11,50,0,0.0,0.0
IMP-C011-20240212,C011,2024-02-12,50,0,0.0,0.0
IMP-C011-20240213,C011,2024-02-13,50,0,0.0,0.0
IMP-C011-20240214,C011,2024-02-14,50,0,0.0,0.0
IMP-C011-20240215,C011,2024-02-15,50,0,0.0,0.0
IMP-C011-20240216,C011,2024-02-16,50,0,0.0,0.0
IMP-C011-20240217,C011,2024-02-17,50,0,0.0,0.0
IMP-C011-20240218,C011,2024-02-18,50,0,0.0,0.0
IMP-C011-20240219,C011,2024-02-19,50,0,0.0,0.0
IMP-C011-20240220,C011,2024-02-20,50,0,0.0,0.0
IMP-C011-20240221,C011,2024-02-21,50,0,0.0,0.0
IMP-C011-20240222,C011,2024-02-22,50,0,0.0,0.0
IMP-C011-20240223,C011,2024-02-23,50,0,0.0,0.0
IMP-C011-20240224,C011,2024-02-24,50,0,0.0,0.0
IMP-C011-20240225,C011,2024-02-25,50,0,0.0,0.0
IMP-C011-20240226,C011,2024-02-26,50,0,0.0,0.0
IMP-C011-20240227,C011,2024-02-27,50,0,0.0,0.0
IMP-C011-20240228,C011,2024-02-28,50,0,0.0,0.0
IMP-C011-20240229,C011,2024-02-29,50,0,0.0,0.0
IMP-C011-20240301,C011,2024-03-01,50,0,0.0,0.0
IMP-C011-20240302,C011,2024-03-02,50,0,0.0,0.0
IMP-C011-20240303,C011,2024-03-03,50,0,0.0,0.0
IMP-C011-20240304,C011,2024-03-04,50,0,0.0,0.0
IMP-C011-20240305,C011,2024-03-05,50,0,0.0,0.0
IMP-C011-20240306,C011,2024-03-06,50,0,0.0,0.0
IMP-C011-20240307,C011,2024-03-07,50,0,0.0,0.0
IMP-C011-20240308,C011,2024-03-08,50,0,0.0,0.0
IMP-C011-20240309,C011,2024-03-09,50,0,0.0,0.0
IMP-C011-20240310,C011,2024-03-10,50,0,0.0,0.0
IMP-C011-20240311,C011,2024-03-11,50,0,0.0,0.0
IMP-C011-20240312,C011,2024-03-12,50,0,0.0,0.0
IMP-C011-20240313,C011,2024-03-13,50,0,0.0,0.0
IMP-C011-20240314,C011,2024-03-14,50,0,0.0,0.0
IMP-C011-20240315,C011,2024-03-15,50,0,0.0,0.0
IMP-C011-20240316,C011,2024-03-16,50,0,0.0,0.0
IMP-C011-20240317,C011,2024-03-17,50,0,0.0,0.0
IMP-C011-20240318,C011,2024-03-18,50,0,0.0,0.0
IMP-C011-20240319,C011,2024-03-19,50,0,0.0,0.0
IMP-C011-20240320,C011,2024-03-20,50,0,0.0,0.0
IMP-C011-20240321,C011,2024-03-21,50,0,0.0,0.0
IMP-C011-20240322,C011,2024-03-22,50,0,0.0,0.0
IMP-C011-20240323,C011,2024-03-23,50,0,0.0,0.0
IMP-C011-20240324,C011,2024-03-24,50,0,0.0,0.0
IMP-C011-20240325,C011,2024-03-25,50,0,0.0,0.0
IMP-C011-20240326,C011,2024-03-26,50,0,0.0,0.0
IMP-C011-20240327,C011,2024-03-27,50,0,0.0,0.0
IMP-C011-20240328,C011,2024-03-28,50,0,0.0,0.0
IMP-C011-20240329,C011,2024-03-29,50,0,0.0,0.0
IMP-C011-20240330,C011,2024-03-30,50,0,0.0,0.0
IMP-C011-20240331,C011,2024-03-31,50,0,0.0,0.0
IMP-C011-20240401,C011,2024-04-01,50,0,0.0,0.0
IMP-C011-20240402,C011,2024-04-02,50,0,0.0,0.0
IMP-C011-20240403,C011,2024-04-03,50,0,0.0,0.0
IMP-C011-20240404,C011,2024-04-04,50,0,0.0,0.0
IMP-C011-20240405,C011,2024-04-05,50,0,0.0,0.0
IMP-C011-20240406,C011,2024-04-06,50,0,0.0,0.0
IMP-C011-20240407,C011,2024-04-07,50,0,0.0,0.0
IMP-C011-20240408,C011,2024-04-08,50,0,0.0,0.0
IMP-C011-20240409,C011,2024-04-09,50,0,0.0,0.0
IMP-C011-20240410,C011,2024-04-10,50,0,0.0,0.0
IMP-C011-20240411,C011,2024-04-11,50,0,0.0,0.0
IMP-C011-20240412,C011,2024-04-12,50,0,0.0,0.0
IMP-C011-20240413,C011,2024-04-13,50,0,0.0,0.0
IMP-C011-20240414,C011,2024-04-14,50,0,0.0,0.0
IMP-C011-20240415,C011,2024-04-15,50,0,0.0,0.0
IMP-C011-20240416,C011,2024-04-16,50,0,0.0,0.0
IMP-C011-20240417,C011,2024-04-17,50,0,0.0,0.0
IMP-C011-20240418,C011,2024-04-18,50,0,0.0,0.0
IMP-C011-20240419,C011,2024-04-19,50,0,0.0,0.0
IMP-C011-20240420,C011,2024-04-20,50,0,0.0,0.0
IMP-C011-20240421,C011,2024-04-21,50,0,0.0,0.0
IMP-C011-20240422,C011,2024-04-22,50,0,0.0,0.0
IMP-C011-20240423,C011,2024-04-23,50,0,0.0,0.0
IMP-C011-20240424,C011,2024-04-24,50,0,0.0,0.0
IMP-C011-20240425,C011,2024-04-25,50,0,0.0,0.0
IMP-C011-20240426,C011,2024-04-26,50,0,0.0,0.0
IMP-C011-20240427,C011,2024-04-27,50,0,0.0,0.0
IMP-C011-20240428,C011,2024-04-28,50,0,0.0,0.0
IMP-C011-20240429,C011,2024-04-29,50,0,0.0,0.0
IMP-C011-20240430,C011,2024-04-30,50,0,0.0,0.0
IMP-C011-20240501,C011,2024-05-01,50,0,0.0,0.0
IMP-C011-20240502,C011,2024-05-02,50,0,0.0,0.0
IMP-C011-20240503,C011,2024-05-03,50,0,0.0,0.0
IMP-C011-20240504,C011,2024-05-04,50,0,0.0,0.0
IMP-C011-20240505,C011,2024-05-05,50,0,0.0,0.0
IMP-C011-20240506,C011,2024-05-06,50,0,0.0,0.0
IMP-C011-20240507,C011,2024-05-07,50,0,0.0,0.0
IMP-C011-20240508,C011,2024-05-08,50,0,0.0,0.0
IMP-C011-20240509,C011,2024-05-09,50,0,0.0,0.0
IMP-C011-20240510,C011,2024-05-10,50,0,0.0,0.0
IMP-C011-20240511,C011,2024-05-11,50,0,0.0,0.0
IMP-C011-20240512,C011,2024-05-12,50,0,0.0,0.0
IMP-C011-20240513,C011,2024-05-13,50,0,0.0,0.0
IMP-C011-20240514,C011,2024-05-14,50,0,0.0,0.0
IMP-C011-20240515,C011,2024-05-15,50,0,0.0,0.0
IMP-C011-20240516,C011,2024-05-16,50,0,0.0,0.0
IMP-C011-20240517,C011,2024-05-17,50,0,0.0,0.0
IMP-C011-20240518,C011,2024-05-18,50,0,0.0,0.0
IMP-C011-20240519,C011,2024-05-19,50,0,0.0,0.0
IMP-C011-20240520,C011,2024-05-20,50,0,0.0,0.0
IMP-C011-20240521,C011,2024-05-21,50,0,0.0,0.0
IMP-C011-20240522,C011,2024-05-22,50,0,0.0,0.0
IMP-C011-20240523,C011,2024-05-23,50,0,0.0,0.0
IMP-C011-20240524,C011,2024-05-24,50,0,0.0,0.0
IMP-C011-20240525,C011,2024-05-25,50,0,0.0,0.0
IMP-C011-20240526,C011,2024-05-26,50,0,0.0,0.0
IMP-C011-20240527,C011,2024-05-27,50,0,0.0,0.0
IMP-C011-20240528,C011,2024-05-28,50,0,0.0,0.0
IMP-C011-20240529,C011,2024-05-29,50,0,0.0,0.0
IMP-C011-20240530,C011,2024-05-30,50,0,0.0,0.0
IMP-C011-20240531,C011,2024-05-31,50,0,0.0,0.0
IMP-C011-20240601,C011,2024-06-01,50,0,0.0,0.0
IMP-C011-20240602,C011,2024-06-02,50,0,0.0,0.0
IMP-C011-20240603,C011,2024-06-03,50,0,0.0,0.0
IMP-C011-20240604,C011,2024-06-04,50,0,0.0,0.0
IMP-C011-20240605,C011,2024-06-05,50,0,0.0,0.0
IMP-C011-20240606,C011,2024-06-06,50,0,0.0,0.0
IMP-C011-20240607,C011,2024-06-07,50,0,0.0,0.0
IMP-C011-20240608,C011,2024-06-08,50,0,0.0,0.0
IMP-C011-20240609,C011,2024-06-09,50,0,0.0,0.0
IMP-C011-20240610,C011,2024-06-10,50,0,0.0,0.0
IMP-C011-20240611,C011,2024-06-11,50,0,0.0,0.0
IMP-C011-20240612,C011,2024-06-12,50,0,0.0,0.0
IMP-C011-20240613,C011,2024-06-13,50,0,0.0,0.0
IMP-C011-20240614,C011,2024-06-14,50,0,0.0,0.0
IMP-C011-20240615,C011,2024-06-15,50,0,0.0,0.0
IMP-C011-20240616,C011,2024-06-16,50,0,0.0,0.0
IMP-C011-20240617,C011,2024-06-17,50,0,0.0,0.0
IMP-C011-20240618,C011,2024-06-18,50,0,0.0,0.0
IMP-C011-20240619,C011,2024-06-19,50,0,0.0,0.0
IMP-C011-20240620,C011,2024-06-20,50,0,0.0,0.0
IMP-C011-20240621,C011,2024-06-21,50,0,0.0,0.0
IMP-C011-20240622,C011,2024-06-22,50,0,0.0,0.0
IMP-C011-20240623,C011,2024-06-23,50,0,0.0,0.0
IMP-C011-20240624,C011,2024-06-24,50,0,0.0,0.0
IMP-C011-20240625,C011,2024-06-25,50,0,0.0,0.0
IMP-C011-20240626,C011,2024-06-26,50,0,0.0,0.0
IMP-C011-20240627,C011,2024-06-27,50,0,0.0,0.0
IMP-C011-20240628,C011,2024-06-28,50,0,0.0,0.0
IMP-C011-20240629,C011,2024-06-29,50,0,0.0,0.0
IMP-C011-20240630,C011,2024-06-30,50,0,0.0,0.0
IMP-C011-20240701,C011,2024-07-01,50,0,0.0,0.0
IMP-C011-20240702,C011,2024-07-02,50,0,0.0,0.0
IMP-C011-20240703,C011,2024-07-03,50,0,0.0,0.0
IMP-C011-20240704,C011,2024-07-04,50,0,0.0,0.0
IMP-C011-20240705,C011,2024-07-05,50,0,0.0,0.0
IMP-C011-20240706,C011,2024-07-06,50,0,0.0,0.0
IMP-C011-20240707,C011,2024-07-07,50,0,0.0,0.0
IMP-C011-20240708,C011,2024-07-08,50,0,0.0,0.0
IMP-C011-20240709,C011,2024-07-09,50,0,0.0,0.0
IMP-C011-20240710,C011,2024-07-10,50,0,0.0,0.0
IMP-C011-20240711,C011,2024-07-11,50,0,0.0,0.0
IMP-C011-20240712,C011,2024-07-12,50,0,0.0,0.0
IMP-C011-20240713,C011,2024-07-13,50,0,0.0,0.0
IMP-C011-20240714,C011,2024-07-14,50,0,0.0,0.0
IMP-C011-20240715,C011,2024-07-15,50,0,0.0,0.0
IMP-C011-20240716,C011,2024-07-16,50,0,0.0,0.0
IMP-C011-20240717,C011,2024-07-17,50,0,0.0,0.0
IMP-C011-20240718,C011,2024-07-18,50,0,0.0,0.0
IMP-C011-20240719,C011,2024-07-19,50,0,0.0,0.0
IMP-C011-20240720,C011,2024-07-20,50,0,0.0,0.0
IMP-C011-20240721,C011,2024-07-21,50,0,0.0,0.0
IMP-C011-20240722,C011,2024-07-22,50,0,0.0,0.0
IMP-C011-20240723,C011,2024-07-23,50,0,0.0,0.0
IMP-C011-20240724,C011,2024-07-24,50,0,0.0,0.0
IMP-C011-20240725,C011,2024-07-25,50,0,0.0,0.0
IMP-C011-20240726,C011,2024-07-26,50,0,0.0,0.0
IMP-C011-20240727,C011,2024-07-27,50,0,0.0,0.0
IMP-C011-20240728,C011,2024-07-28,50,0,0.0,0.0
IMP-C011-20240729,C011,2024-07-29,50,0,0.0,0.0
IMP-C011-20240730,C011,2024-07-30,50,0,0.0,0.0
IMP-C011-20240731,C011,2024-07-31,50,0,0.0,0.0
IMP-C011-20240801,C011,2024-08-01,50,0,0.0,0.0
IMP-C011-20240802,C011,2024-08-02,50,0,0.0,0.0
IMP-C011-20240803,C011,2024-08-03,50,0,0.0,0.0
IMP-C011-20240804,C011,2024-08-04,50,0,0.0,0.0
IMP-C011-20240805,C011,2024-08-05,50,0,0.0,0.0
IMP-C011-20240806,C011,2024-08-06,50,0,0.0,0.0
IMP-C011-20240807,C011,2024-08-07,50,0,0.0,0.0
IMP-C011-20240808,C011,2024-08-08,50,0,0.0,0.0
IMP-C011-20240809,C011,2024-08-09,50,0,0.0,0.0
IMP-C011-20240810,C011,2024-08-10,50,0,0.0,0.0
IMP-C011-20240811,C011,2024-08-11,50,0,0.0,0.0
IMP-C011-20240812,C011,2024-08-12,50,0,0.0,0.0
IMP-C011-20240813,C011,2024-08-13,50,0,0.0,0.0
IMP-C011-20240814,C011,2024-08-14,50,0,0.0,0.0
IMP-C011-20240815,C011,2024-08-15,50,0,0.0,0.0
IMP-C011-20240816,C011,2024-08-16,50,0,0.0,0.0
IMP-C011-20240817,C011,2024-08-17,50,0,0.0,0.0
IMP-C011-20240818,C011,2024-08-18,50,0,0.0,0.0
IMP-C011-20240819,C011,2024-08-19,50,0,0.0,0.0
IMP-C011-20240820,C011,2024-08-20,50,0,0.0,0.0
IMP-C011-20240821,C011,2024-08-21,50,0,0.0,0.0
IMP-C011-20240822,C011,2024-08-22,50,0,0.0,0.0
IMP-C011-20240823,C011,2024-08-23,50,0,0.0,0.0
IMP-C011-20240824,C011,2024-08-24,50,0,0.0,0.0
IMP-C011-20240825,C011,2024-08-25,50,0,0.0,0.0
IMP-C011-20240826,C011,2024-08-26,50,0,0.0,0.0
IMP-C011-20240827,C011,2024-08-27,50,0,0.0,0.0
IMP-C011-20240828,C011,2024-08-28,50,0,0.0,0.0
IMP-C011-20240829,C011,2024-08-29,50,0,0.0,0.0
IMP-C011-20240830,C011,2024-08-30,50,0,0.0,0.0
IMP-C011-20240831,C011,2024-08-31,50,0,0.0,0.0
IMP-C011-20240901,C011,2024-09-01,50,0,0.0,0.0
IMP-C011-20240902,C011,2024-09-02,50,0,0.0,0.0
IMP-C011-20240903,C011,2024-09-03,50,0,0.0,0.0
IMP-C011-20240904,C011,2024-09-04,50,0,0.0,0.0
IMP-C011-20240905,C011,2024-09-05,50,0,0.0,0.0
IMP-C011-20240906,C011,2024-09-06,50,0,0.0,0.0
IMP-C011-20240907,C011,2024-09-07,50,0,0.0,0.0
IMP-C011-20240908,C011,2024-09-08,50,0,0.0,0.0
IMP-C011-20240909,C011,2024-09-09,50,0,0.0,0.0
IMP-C011-20240910,C011,2024-09-10,50,0,0.0,0.0
IMP-C011-20240911,C011,2024-09-11,50,0,0.0,0.0
IMP-C011-20240912,C011,2024-09-12,50,0,0.0,0.0
IMP-C011-20240913,C011,2024-09-13,50,0,0.0,0.0
IMP-C011-20240914,C011,2024-09-14,50,0,0.0,0.0
IMP-C011-20240915,C011,2024-09-15,50,0,0.0,0.0
IMP-C011-20240916,C011,2024-09-16,50,0,0.0,0.0
IMP-C011-20240917,C011,2024-09-17,50,0,0.0,0.0
IMP-C011-20240918,C011,2024-09-18,50,0,0.0,0.0
IMP-C011-20240919,C011,2024-09-19,50,0,0.0,0.0
IMP-C011-20240920,C011,2024-09-20,50,0,0.0,0.0
IMP-C011-20240921,C011,2024-09-21,50,0,0.0,0.0
IMP-C011-20240922,C011,2024-09-22,50,0,0.0,0.0
IMP-C011-20240923,C011,2024-09-23,50,0,0.0,0.0
IMP-C011-20240924,C011,2024-09-24,50,0,0.0,0.0
IMP-C011-20240925,C011,2024-09-25,50,0,0.0,0.0
IMP-C011-20240926,C011,2024-09-26,50,0,0.0,0.0
IMP-C011-20240927,C011,2024-09-27,50,0,0.0,0.0
IMP-C011-20240928,C011,2024-09-28,50,0,0.0,0.0
IMP-C011-20240929,C011,2024-09-29,50,0,0.0,0.0
IMP-C011-20240930,C011,2024-09-30,50,0,0.0,0.0
IMP-C011-20241001,C011,2024-10-01,50,0,0.0,0.0
IMP-C011-20241002,C011,2024-10-02,50,0,0.0,0.0
IMP-C011-20241003,C011,2024-10-03,50,0,0.0,0.0
IMP-C011-20241004,C011,2024-10-04,50,0,0.0,0.0
IMP-C011-20241005,C011,2024-10-05,50,0,0.0,0.0
IMP-C011-20241006,C011,2024-10-06,50,0,0.0,0.0
IMP-C011-20241007,C011,2024-10-07,50,0,0.0,0.0
IMP-C011-20241008,C011,2024-10-08,50,0,0.0,0.0
IMP-C011-20241009,C011,2024-10-09,50,0,0.0,0.0
IMP-C011-20241010,C011,2024-10-10,50,0,0.0,0.0
IMP-C011-20241011,C011,2024-10-11,50,0,0.0,0.0
IMP-C011-20241012,C011,2024-10-12,50,0,0.0,0.0
IMP-C011-20241013,C011,2024-10-13,50,0,0.0,0.0
IMP-C011-20241014,C011,2024-10-14,50,0,0.0,0.0
IMP-C011-20241015,C011,2024-10-15,50,0,0.0,0.0
IMP-C011-20241016,C011,2024-10-16,50,0,0.0,0.0
IMP-C011-20241017,C011,2024-10-17,50,0,0.0,0.0
IMP-C011-20241018,C011,2024-10-18,50,0,0.0,0.0
IMP-C011-20241019,C011,2024-10-19,50,0,0.0,0.0
IMP-C011-20241020,C011,2024-10-20,50,0,0.0,0.0
IMP-C011-20241021,C011,2024-10-21,50,0,0.0,0.0
IMP-C011-20241022,C011,2024-10-22,50,0,0.0,0.0
IMP-C011-20241023,C011,2024-10-23,50,0,0.0,0.0
IMP-C011-20241024,C011,2024-10-24,50,0,0.0,0.0
IMP-C011-20241025,C011,2024-10-25,50,0,0.0,0.0
IMP-C011-20241026,C011,2024-10-26,50,0,0.0,0.0
IMP-C011-20241027,C011,2024-10-27,50,0,0.0,0.0
IMP-C011-20241028,C011,2024-10-28,50,0,0.0,0.0
IMP-C011-20241029,C011,2024-10-29,50,0,0.0,0.0
IMP-C011-20241030,C011,2024-10-30,50,0,0.0,0.0
IMP-C011-20241031,C011,2024-10-31,50,0,0.0,0.0
IMP-C011-20241101,C011,2024-11-01,50,0,0.0,0.0
IMP-C011-20241102,C011,2024-11-02,50,0,0.0,0.0
IMP-C011-20241103,C011,2024-11-03,50,0,0.0,0.0
IMP-C011-20241104,C011,2024-11-04,50,0,0.0,0.0
IMP-C011-20241105,C011,2024-11-05,50,0,0.0,0.0
IMP-C011-20241106,C011,2024-11-06,50,0,0.0,0.0
IMP-C011-20241107,C011,2024-11-07,50,0,0.0,0.0
IMP-C011-20241108,C011,2024-11-08,50,0,0.0,0.0
IMP-C011-20241109,C011,2024-11-09,50,0,0.0,0.0
IMP-C011-20241110,C011,2024-11-10,50,0,0.0,0.0
IMP-C011-20241111,C011,2024-11-11,50,0,0.0,0.0
IMP-C011-20241112,C011,2024-11-12,50,0,0.0,0.0
IMP-C011-20241113,C011,2024-11-13,50,0,0.0,0.0
IMP-C011-20241114,C011,2024-11-14,50,0,0.0,0.0
IMP-C011-20241115,C011,2024-11-15,50,0,0.0,0.0
IMP-C011-20241116,C011,2024-11-16,50,0,0.0,0.0
IMP-C011-20241117,C011,2024-11-17,50,0,0.0,0.0
IMP-C011-20241118,C011,2024-11-18,50,0,0.0,0.0
IMP-C011-20241119,C011,2024-11-19,50,0,0.0,0.0
IMP-C011-20241120,C011,2024-11-20,50,0,0.0,0.0
IMP-C011-20241121,C011,2024-11-21,50,0,0.0,0.0
IMP-C011-20241122,C011,2024-11-22,50,0,0.0,0.0
IMP-C011-20241123,C011,2024-11-23,50,0,0.0,0.0
IMP-C011-20241124,C011,2024-11-24,50,0,0.0,0.0
IMP-C011-20241125,C011,2024-11-25,50,0,0.0,0.0
IMP-C011-20241126,C011,2024-11-26,50,0,0.0,0.0
IMP-C011-20241127,C011,2024-11-27,50,0,0.0,0.0
IMP-C011-20241128,C011,2024-11-28,50,0,0.0,0.0
IMP-C011-20241129,C011,2024-11-29,50,0,0.0,0.0
IMP-C011-20241130,C011,2024-11-30,50,0,0.0,0.0
IMP-C011-20241201,C011,2024-12-01,50,0,0.0,0.0
IMP-C011-20241202,C011,2024-12-02,50,0,0.0,0.0
IMP-C011-20241203,C011,2024-12-03,50,0,0.0,0.0
IMP-C011-20241204,C011,2024-12-04,50,0,0.0,0.0
IMP-C011-20241205,C011,2024-12-05,50,0,0.0,0.0
IMP-C011-20241206,C011,2024-12-06,50,0,0.0,0.0
IMP-C011-20241207,C011,2024-12-07,50,0,0.0,0.0
IMP-C011-20241208,C011,2024-12-08,50,0,0.0,0.0
IMP-C011-20241209,C011,2024-12-09,50,0,0.0,0.0
IMP-C011-20241210,C011,2024-12-10,50,0,0.0,0.0
IMP-C011-20241211,C011,2024-12-11,50,0,0.0,0.0
IMP-C011-20241212,C011,2024-12-12,50,0,0.0,0.0
IMP-C011-20241213,C011,2024-12-13,50,0,0.0,0.0
IMP-C011-20241214,C011,2024-12-14,50,0,0.0,0.0
IMP-C011-20241215,C011,2024-12-15,50,0,0.0,0.0
IMP-C011-20241216,C011,2024-12-16,50,0,0.0,0.0
IMP-C011-20241217,C011,2024-12-17,50,0,0.0,0.0
IMP-C011-20241218,C011,2024-12-18,50,0,0.0,0.0
IMP-C011-20241219,C011,2024-12-19,50,0,0.0,0.0
IMP-C011-20241220,C011,2024-12-20,50,0,0.0,0.0
IMP-C011-20241221,C011,2024-12-21,50,0,0.0,0.0
IMP-C011-20241222,C011,2024-12-22,50,0,0.0,0.0
IMP-C011-20241223,C011,2024-12-23,50,0,0.0,0.0
IMP-C011-20241224,C011,2024-12-24,50,0,0.0,0.0
IMP-C011-20241225,C011,2024-12-25,50,0,0.0,0.0
IMP-C011-20241226,C011,2024-12-26,50,0,0.0,0.0
IMP-C011-20241227,C011,2024-12-27,50,0,0.0,0.0
IMP-C011-20241228,C011,2024-12-28,50,0,0.0,0.0
IMP-C011-20241229,C011,2024-12-29,50,0,0.0,0.0
IMP-C011-20241230,C011,2024-12-30,50,0,0.0,0.0
IMP-C011-20241231,C011,2024-12-31,50,0,0.0,0.0
IMP-C012-20240101,C012,2024-01-01,50,0,0.0,0.0
IMP-C012-20240102,C012,2024-01-02,50,0,0.0,0.0
IMP-C012-20240103,C012,2024-01-03,50,0,0.0,0.0
IMP-C012-20240104,C012,2024-01-04,50,0,0.0,0.0
IMP-C012-20240105,C012,2024-01-05,50,0,0.0,0.0
IMP-C012-20240106,C012,2024-01-06,50,0,0.0,0.0
IMP-C012-20240107,C012,2024-01-07,50,0,0.0,0.0
IMP-C012-20240108,C012,2024-01-08,50,0,0.0,0.0
IMP-C012-20240109,C012,2024-01-09,50,0,0.0,0.0
IMP-C012-20240110,C012,2024-01-10,50,0,0.0,0.0
IMP-C012-20240111,C012,2024-01-11,50,0,0.0,0.0
IMP-C012-20240112,C012,2024-01-12,50,0,0.0,0.0
IMP-C012-20240113,C012,2024-01-13,50,0,0.0,0.0
IMP-C012-20240114,C012,2024-01-14,50,0,0.0,0.0
IMP-C012-20240115,C012,2024-01-15,50,0,0.0,0.0
IMP-C012-20240116,C012,2024-01-16,50,0,0.0,0.0
IMP-C012-20240117,C012,2024-01-17,50,0,0.0,0.0
IMP-C012-20240118,C012,2024-01-18,50,0,0.0,0.0
IMP-C012-20240119,C012,2024-01-19,50,0,0.0,0.0
IMP-C012-20240120,C012,2024-01-20,50,0,0.0,0.0
IMP-C012-20240121,C012,2024-01-21,50,0,0.0,0.0
IMP-C012-20240122,C012,2024-01-22,50,0,0.0,0.0
IMP-C012-20240123,C012,2024-01-23,50,0,0.0,0.0
IMP-C012-20240124,C012,2024-01-24,50,0,0.0,0.0
IMP-C012-20240125,C012,2024-01-25,50,0,0.0,0.0
IMP-C012-20240126,C012,2024-01-26,50,0,0.0,0.0
IMP-C012-20240127,C012,2024-01-27,50,0,0.0,0.0
IMP-C012-20240128,C012,2024-01-28,50,0,0.0,0.0
IMP-C012-20240129,C012,2024-01-29,50,0,0.0,0.0
IMP-C012-20240130,C012,2024-01-30,50,0,0.0,0.0
IMP-C012-20240131,C012,2024-01-31,50,0,0.0,0.0
IMP-C012-20240201,C012,2024-02-01,50,0,0.0,0.0
IMP-C012-20240202,C012,2024-02-02,50,0,0.0,0.0
IMP-C012-20240203,C012,2024-02-03,50,0,0.0,0.0
IMP-C012-20240204,C012,2024-02-04,50,0,0.0,0.0
IMP-C012-20240205,C012,2024-02-05,50,0,0.0,0.0
IMP-C012-20240206,C012,2024-02-06,50,0,0.0,0.0
IMP-C012-20240207,C012,2024-02-07,50,0,0.0,0.0
IMP-C012-20240208,C012,2024-02-08,50,0,0.0,0.0
IMP-C012-20240209,C012,2024-02-09,50,0,0.0,0.0
IMP-C012-20240210,C012,2024-02-10,50,0,0.0,0.0
IMP-C012-20240211,C012,2024-02-11,50,0,0.0,0.0
IMP-C012-20240212,C012,2024-02-12,50,0,0.0,0.0
IMP-C012-20240213,C012,2024-02-13,50,0,0.0,0.0
IMP-C012-20240214,C012,2024-02-14,50,0,0.0,0.0
IMP-C012-20240215,C012,2024-02-15,50,0,0.0,0.0
IMP-C012-20240216,C012,2024-02-16,50,0,0.0,0.0
IMP-C012-20240217,C012,2024-02-17,50,0,0.0,0.0
IMP-C012-20240218,C012,2024-02-18,50,0,0.0,0.0
IMP-C012-20240219,C012,2024-02-19,50,0,0.0,0.0
IMP-C012-20240220,C012,2024-02-20,50,0,0.0,0.0
IMP-C012-20240221,C012,2024-02-21,50,0,0.0,0.0
IMP-C012-20240222,C012,2024-02-22,50,0,0.0,0.0
IMP-C012-20240223,C012,2024-02-23,50,0,0.0,0.0
IMP-C012-20240224,C012,2024-02-24,50,0,0.0,0.0
IMP-C012-20240225,C012,2024-02-25,50,0,0.0,0.0
IMP-C012-20240226,C012,2024-02-26,50,0,0.0,0.0
IMP-C012-20240227,C012,2024-02-27,50,0,0.0,0.0
IMP-C012-20240228,C012,2024-02-28,50,0,0.0,0.0
IMP-C012-20240229,C012,2024-02-29,50,0,0.0,0.0
IMP-C012-20240301,C012,2024-03-01,50,0,0.0,0.0
IMP-C012-20240302,C012,2024-03-02,50,0,0.0,0.0
IMP-C012-20240303,C012,2024-03-03,50,0,0.0,0.0
IMP-C012-20240304,C012,2024-03-04,50,0,0.0,0.0
IMP-C012-20240305,C012,2024-03-05,50,0,0.0,0.0
IMP-C012-20240306,C012,2024-03-06,50,0,0.0,0.0
IMP-C012-20240307,C012,2024-03-07,50,0,0.0,0.0
IMP-C012-20240308,C012,2024-03-08,50,0,0.0,0.0
IMP-C012-20240309,C012,2024-03-09,50,0,0.0,0.0
IMP-C012-20240310,C012,2024-03-10,50,0,0.0,0.0
IMP-C012-20240311,C012,2024-03-11,50,0,0.0,0.0
IMP-C012-20240312,C012,2024-03-12,50,0,0.0,0.0
IMP-C012-20240313,C012,2024-03-13,50,0,0.0,0.0
IMP-C012-20240314,C012,2024-03-14,50,0,0.0,0.0
IMP-C012-20240315,C012,2024-03-15,50,0,0.0,0.0
IMP-C012-20240316,C012,2024-03-16,50,0,0.0,0.0
IMP-C012-20240317,C012,2024-03-17,50,0,0.0,0.0
IMP-C012-20240318,C012,2024-03-18,50,0,0.0,0.0
IMP-C012-20240319,C012,2024-03-19,50,0,0.0,0.0
IMP-C012-20240320,C012,2024-03-20,50,0,0.0,0.0
IMP-C012-20240321,C012,2024-03-21,50,0,0.0,0.0
IMP-C012-20240322,C012,2024-03-22,50,0,0.0,0.0
IMP-C012-20240323,C012,2024-03-23,50,0,0.0,0.0
IMP-C012-20240324,C012,2024-03-24,50,0,0.0,0.0
IMP-C012-20240325,C012,2024-03-25,50,0,0.0,0.0
IMP-C012-20240326,C012,2024-03-26,50,0,0.0,0.0
IMP-C012-20240327,C012,2024-03-27,50,0,0.0,0.0
IMP-C012-20240328,C012,2024-03-28,50,0,0.0,0.0
IMP-C012-20240329,C012,2024-03-29,50,0,0.0,0.0
IMP-C012-20240330,C012,2024-03-30,50,0,0.0,0.0
IMP-C012-20240331,C012,2024-03-31,50,0,0.0,0.0
IMP-C012-20240401,C012,2024-04-01,50,0,0.0,0.0
IMP-C012-20240402,C012,2024-04-02,50,0,0.0,0.0
IMP-C012-20240403,C012,2024-04-03,50,0,0.0,0.0
IMP-C012-20240404,C012,2024-04-04,50,0,0.0,0.0
IMP-C012-20240405,C012,2024-04-05,50,0,0.0,0.0
IMP-C012-20240406,C012,2024-04-06,50,0,0.0,0.0
IMP-C012-20240407,C012,2024-04-07,50,0,0.0,0.0
IMP-C012-20240408,C012,2024-04-08,50,0,0.0,0.0
IMP-C012-20240409,C012,2024-04-09,50,0,0.0,0.0
IMP-C012-20240410,C012,2024-04-10,50,0,0.0,0.0
IMP-C012-20240411,C012,2024-04-11,50,0,0.0,0.0
IMP-C012-20240412,C012,2024-04-12,50,0,0.0,0.0
IMP-C012-20240413,C012,2024-04-13,50,0,0.0,0.0
IMP-C012-20240414,C012,2024-04-14,50,0,0.0,0.0
IMP-C012-20240415,C012,2024-04-15,50,0,0.0,0.0
IMP-C012-20240416,C012,2024-04-16,50,0,0.0,0.0
IMP-C012-20240417,C012,2024-04-17,50,0,0.0,0.0
IMP-C012-20240418,C012,2024-04-18,50,0,0.0,0.0
IMP-C012-20240419,C012,2024-04-19,50,0,0.0,0.0
IMP-C012-20240420,C012,2024-04-20,50,0,0.0,0.0
IMP-C012-20240421,C012,2024-04-21,50,0,0.0,0.0
IMP-C012-20240422,C012,2024-04-22,50,0,0.0,0.0
IMP-C012-20240423,C012,2024-04-23,50,0,0.0,0.0
IMP-C012-20240424,C012,2024-04-24,50,0,0.0,0.0
IMP-C012-20240425,C012,2024-04-25,50,0,0.0,0.0
IMP-C012-20240426,C012,2024-04-26,50,0,0.0,0.0
IMP-C012-20240427,C012,2024-04-27,50,0,0.0,0.0
IMP-C012-20240428,C012,2024-04-28,50,0,0.0,0.0
IMP-C012-20240429,C012,2024-04-29,50,0,0.0,0.0
IMP-C012-20240430,C012,2024-04-30,50,0,0.0,0.0
IMP-C012-20240501,C012,2024-05-01,50,0,0.0,0.0
IMP-C012-20240502,C012,2024-05-02,50,0,0.0,0.0
IMP-C012-20240503,C012,2024-05-03,50,0,0.0,0.0
IMP-C012-20240504,C012,2024-05-04,50,0,0.0,0.0
IMP-C012-20240505,C012,2024-05-05,50,0,0.0,0.0
IMP-C012-20240506,C012,2024-05-06,50,0,0.0,0.0
IMP-C012-20240507,C012,2024-05-07,50,0,0.0,0.0
IMP-C012-20240508,C012,2024-05-08,50,0,0.0,0.0
IMP-C012-20240509,C012,2024-05-09,50,0,0.0,0.0
IMP-C012-20240510,C012,2024-05-10,50,0,0.0,0.0
IMP-C012-20240511,C012,2024-05-11,50,0,0.0,0.0
IMP-C012-20240512,C012,2024-05-12,50,0,0.0,0.0
IMP-C012-20240513,C012,2024-05-13,50,0,0.0,0.0
IMP-C012-20240514,C012,2024-05-14,50,0,0.0,0.0
IMP-C012-20240515,C012,2024-05-15,50,0,0.0,0.0
IMP-C012-20240516,C012,2024-05-16,50,0,0.0,0.0
IMP-C012-20240517,C012,2024-05-17,50,0,0.0,0.0
IMP-C012-20240518,C012,2024-05-18,50,0,0.0,0.0
IMP-C012-20240519,C012,2024-05-19,50,0,0.0,0.0
IMP-C012-20240520,C012,2024-05-20,50,0,0.0,0.0
IMP-C012-20240521,C012,2024-05-21,50,0,0.0,0.0
IMP-C012-20240522,C012,2024-05-22,50,0,0.0,0.0
IMP-C012-20240523,C012,2024-05-23,50,0,0.0,0.0
IMP-C012-20240524,C012,2024-05-24,50,0,0.0,0.0
IMP-C012-20240525,C012,2024-05-25,50,0,0.0,0.0
IMP-C012-20240526,C012,2024-05-26,50,0,0.0,0.0
IMP-C012-20240527,C012,2024-05-27,50,0,0.0,0.0
IMP-C012-20240528,C012,2024-05-28,50,0,0.0,0.0
IMP-C012-20240529,C012,2024-05-29,50,0,0.0,0.0
IMP-C012-20240530,C012,2024-05-30,50,0,0.0,0.0
IMP-C012-20240531,C012,2024-05-31,50,0,0.0,0.0
IMP-C012-20240601,C012,2024-06-01,50,0,0.0,0.0
IMP-C012-20240602,C012,2024-06-02,50,0,0.0,0.0
IMP-C012-20240603,C012,2024-06-03,50,0,0.0,0.0
IMP-C012-20240604,C012,2024-06-04,50,0,0.0,0.0
IMP-C012-20240605,C012,2024-06-05,50,0,0.0,0.0
IMP-C012-20240606,C012,2024-06-06,50,0,0.0,0.0
IMP-C012-20240607,C012,2024-06-07,50,0,0.0,0.0
IMP-C012-20240608,C012,2024-06-08,50,0,0.0,0.0
IMP-C012-20240609,C012,2024-06-09,50,0,0.0,0.0
IMP-C012-20240610,C012,2024-06-10,50,0,0.0,0.0
IMP-C012-20240611,C012,2024-06-11,50,0,0.0,0.0
IMP-C012-20240612,C012,2024-06-12,50,0,0.0,0.0
IMP-C012-20240613,C012,2024-06-13,50,0,0.0,0.0
IMP-C012-20240614,C012,2024-06-14,50,0,0.0,0.0
IMP-C012-20240615,C012,2024-06-15,50,0,0.0,0.0
IMP-C012-20240616,C012,2024-06-16,50,0,0.0,0.0
IMP-C012-20240617,C012,2024-06-17,50,0,0.0,0.0
IMP-C012-20240618,C012,2024-06-18,50,0,0.0,0.0
IMP-C012-20240619,C012,2024-06-19,50,0,0.0,0.0
IMP-C012-20240620,C012,2024-06-20,50,0,0.0,0.0
IMP-C012-20240621,C012,2024-06-21,50,0,0.0,0.0
IMP-C012-20240622,C012,2024-06-22,50,0,0.0,0.0
IMP-C012-20240623,C012,2024-06-23,50,0,0.0,0.0
IMP-C012-20240624,C012,2024-06-24,50,0,0.0,0.0
IMP-C012-20240625,C012,2024-06-25,50,0,0.0,0.0
IMP-C012-20240626,C012,2024-06-26,50,0,0.0,0.0
IMP-C012-20240627,C012,2024-06-27,50,0,0.0,0.0
IMP-C012-20240628,C012,2024-06-28,50,0,0.0,0.0
IMP-C012-20240629,C012,2024-06-29,50,0,0.0,0.0
IMP-C012-20240630,C012,2024-06-30,50,0,0.0,0.0
IMP-C012-20240701,C012,2024-07-01,50,0,0.0,0.0
IMP-C012-20240702,C012,2024-07-02,50,0,0.0,0.0
IMP-C012-20240703,C012,2024-07-03,50,0,0.0,0.0
IMP-C012-20240704,C012,2024-07-04,50,0,0.0,0.0
IMP-C012-20240705,C012,2024-07-05,50,0,0.0,0.0
IMP-C012-20240706,C012,2024-07-06,50,0,0.0,0.0
IMP-C012-20240707,C012,2024-07-07,50,0,0.0,0.0
IMP-C012-20240708,C012,2024-07-08,50,0,0.0,0.0
IMP-C012-20240709,C012,2024-07-09,50,0,0.0,0.0
IMP-C012-20240710,C012,2024-07-10,50,0,0.0,0.0
IMP-C012-20240711,C012,2024-07-11,50,0,0.0,0.0
IMP-C012-20240712,C012,2024-07-12,50,0,0.0,0.0
IMP-C012-20240713,C012,2024-07-13,50,0,0.0,0.0
IMP-C012-20240714,C012,2024-07-14,50,0,0.0,0.0
IMP-C012-20240715,C012,2024-07-15,50,0,0.0,0.0
IMP-C012-20240716,C012,2024-07-16,50,0,0.0,0.0
IMP-C012-20240717,C012,2024-07-17,50,0,0.0,0.0
IMP-C012-20240718,C012,2024-07-18,50,0,0.0,0.0
IMP-C012-20240719,C012,2024-07-19,50,0,0.0,0.0
IMP-C012-20240720,C012,2024-07-20,50,0,0.0,0.0
IMP-C012-20240721,C012,2024-07-21,50,0,0.0,0.0
IMP-C012-20240722,C012,2024-07-22,50,0,0.0,0.0
IMP-C012-20240723,C012,2024-07-23,50,0,0.0,0.0
IMP-C012-20240724,C012,2024-07-24,50,0,0.0,0.0
IMP-C012-20240725,C012,2024-07-25,50,0,0.0,0.0
IMP-C012-20240726,C012,2024-07-26,50,0,0.0,0.0
IMP-C012-20240727,C012,2024-07-27,50,0,0.0,0.0
IMP-C012-20240728,C012,2024-07-28,50,0,0.0,0.0
IMP-C012-20240729,C012,2024-07-29,50,0,0.0,0.0
IMP-C012-20240730,C012,2024-07-30,50,0,0.0,0.0
IMP-C012-20240731,C012,2024-07-31,50,0,0.0,0.0
IMP-C012-20240801,C012,2024-08-01,50,0,0.0,0.0
IMP-C012-20240802,C012,2024-08-02,50,0,0.0,0.0
IMP-C012-20240803,C012,2024-08-03,50,0,0.0,0.0
IMP-C012-20240804,C012,2024-08-04,50,0,0.0,0.0
IMP-C012-20240805,C012,2024-08-05,50,0,0.0,0.0
IMP-C012-20240806,C012,2024-08-06,50,0,0.0,0.0
IMP-C012-20240807,C012,2024-08-07,50,0,0.0,0.0
IMP-C012-20240808,C012,2024-08-08,50,0,0.0,0.0
IMP-C012-20240809,C012,2024-08-09,50,0,0.0,0.0
IMP-C012-20240810,C012,2024-08-10,50,0,0.0,0.0
IMP-C012-20240811,C012,2024-08-11,50,0,0.0,0.0
IMP-C012-20240812,C012,2024-08-12,50,0,0.0,0.0
IMP-C012-20240813,C012,2024-08-13,50,0,0.0,0.0
IMP-C012-20240814,C012,2024-08-14,50,0,0.0,0.0
IMP-C012-20240815,C012,2024-08-15,50,0,0.0,0.0
IMP-C012-20240816,C012,2024-08-16,50,0,0.0,0.0
IMP-C012-20240817,C012,2024-08-17,50,0,0.0,0.0
IMP-C012-20240818,C012,2024-08-18,50,0,0.0,0.0
IMP-C012-20240819,C012,2024-08-19,50,0,0.0,0.0
IMP-C012-20240820,C012,2024-08-20,50,0,0.0,0.0
IMP-C012-20240821,C012,2024-08-21,50,0,0.0,0.0
IMP-C012-20240822,C012,2024-08-22,50,0,0.0,0.0
IMP-C012-20240823,C012,2024-08-23,50,0,0.0,0.0
IMP-C012-20240824,C012,2024-08-24,50,0,0.0,0.0
IMP-C012-20240825,C012,2024-08-25,50,0,0.0,0.0
IMP-C012-20240826,C012,2024-08-26,50,0,0.0,0.0
IMP-C012-20240827,C012,2024-08-27,50,0,0.0,0.0
IMP-C012-20240828,C012,2024-08-28,50,0,0.0,0.0
IMP-C012-20240829,C012,2024-08-29,50,0,0.0,0.0
IMP-C012-20240830,C012,2024-08-30,50,0,0.0,0.0
IMP-C012-20240831,C012,2024-08-31,50,0,0.0,0.0
IMP-C012-20240901,C012,2024-09-01,50,0,0.0,0.0
IMP-C012-20240902,C012,2024-09-02,50,0,0.0,0.0
IMP-C012-20240903,C012,2024-09-03,50,0,0.0,0.0
IMP-C012-20240904,C012,2024-09-04,50,0,0.0,0.0
IMP-C012-20240905,C012,2024-09-05,50,0,0.0,0.0
IMP-C012-20240906,C012,2024-09-06,50,0,0.0,0.0
IMP-C012-20240907,C012,2024-09-07,50,0,0.0,0.0
IMP-C012-20240908,C012,2024-09-08,50,0,0.0,0.0
IMP-C012-20240909,C012,2024-09-09,50,0,0.0,0.0
IMP-C012-20240910,C012,2024-09-10,50,0,0.0,0.0
IMP-C012-20240911,C012,2024-09-11,50,0,0.0,0.0
IMP-C012-20240912,C012,2024-09-12,50,0,0.0,0.0
IMP-C012-20240913,C012,2024-09-13,50,0,0.0,0.0
IMP-C012-20240914,C012,2024-09-14,50,0,0.0,0.0
IMP-C012-20240915,C012,2024-09-15,50,0,0.0,0.0
IMP-C012-20240916,C012,2024-09-16,50,0,0.0,0.0
IMP-C012-20240917,C012,2024-09-17,50,0,0.0,0.0
IMP-C012-20240918,C012,2024-09-18,50,0,0.0,0.0
IMP-C012-20240919,C012,2024-09-19,50,0,0.0,0.0
IMP-C012-20240920,C012,2024-09-20,50,0,0.0,0.0
IMP-C012-20240921,C012,2024-09-21,50,0,0.0,0.0
IMP-C012-20240922,C012,2024-09-22,50,0,0.0,0.0
IMP-C012-20240923,C012,2024-09-23,50,0,0.0,0.0
IMP-C012-20240924,C012,2024-09-24,50,0,0.0,0.0
IMP-C012-20240925,C012,2024-09-25,50,0,0.0,0.0
IMP-C012-20240926,C012,2024-09-26,50,0,0.0,0.0
IMP-C012-20240927,C012,2024-09-27,50,0,0.0,0.0
IMP-C012-20240928,C012,2024-09-28,50,0,0.0,0.0
IMP-C012-20240929,C012,2024-09-29,50,0,0.0,0.0
IMP-C012-20240930,C012,2024-09-30,50,0,0.0,0.0
IMP-C012-20241001,C012,2024-10-01,50,0,0.0,0.0
IMP-C012-20241002,C012,2024-10-02,50,0,0.0,0.0
IMP-C012-20241003,C012,2024-10-03,50,0,0.0,0.0
IMP-C012-20241004,C012,2024-10-04,50,0,0.0,0.0
IMP-C012-20241005,C012,2024-10-05,50,0,0.0,0.0
IMP-C012-20241006,C012,2024-10-06,50,0,0.0,0.0
IMP-C012-20241007,C012,2024-10-07,50,0,0.0,0.0
IMP-C012-20241008,C012,2024-10-08,50,0,0.0,0.0
IMP-C012-20241009,C012,2024-10-09,50,0,0.0,0.0
IMP-C012-20241010,C012,2024-10-10,50,0,0.0,0.0
IMP-C012-20241011,C012,2024-10-11,50,0,0.0,0.0
IMP-C012-20241012,C012,2024-10-12,50,0,0.0,0.0
IMP-C012-20241013,C012,2024-10-13,50,0,0.0,0.0
IMP-C012-20241014,C012,2024-10-14,50,0,0.0,0.0
IMP-C012-20241015,C012,2024-10-15,50,0,0.0,0.0
IMP-C012-20241016,C012,2024-10-16,50,0,0.0,0.0
IMP-C012-20241017,C012,2024-10-17,50,0,0.0,0.0
IMP-C012-20241018,C012,2024-10-18,50,0,0.0,0.0
IMP-C012-20241019,C012,2024-10-19,50,0,0.0,0.0
IMP-C012-20241020,C012,2024-10-20,50,0,0.0,0.0
IMP-C012-20241021,C012,2024-10-21,50,0,0.0,0.0
IMP-C012-20241022,C012,2024-10-22,50,0,0.0,0.0
IMP-C012-20241023,C012,2024-10-23,50,0,0.0,0.0
IMP-C012-20241024,C012,2024-10-24,50,0,0.0,0.0
IMP-C012-20241025,C012,2024-10-25,50,0,0.0,0.0
IMP-C012-20241026,C012,2024-10-26,50,0,0.0,0.0
IMP-C012-20241027,C012,2024-10-27,50,0,0.0,0.0
IMP-C012-20241028,C012,2024-10-28,50,0,0.0,0.0
IMP-C012-20241029,C012,2024-10-29,50,0,0.0,0.0
IMP-C012-20241030,C012,2024-10-30,50,0,0.0,0.0
IMP-C012-20241031,C012,2024-10-31,50,0,0.0,0.0
IMP-C012-20241101,C012,2024-11-01,50,0,0.0,0.0
IMP-C012-20241102,C012,2024-11-02,50,0,0.0,0.0
IMP-C012-20241103,C012,2024-11-03,50,0,0.0,0.0
IMP-C012-20241104,C012,2024-11-04,50,0,0.0,0.0
IMP-C012-20241105,C012,2024-11-05,50,0,0.0,0.0
IMP-C012-20241106,C012,2024-11-06,50,0,0.0,0.0
IMP-C012-20241107,C012,2024-11-07,50,0,0.0,0.0
IMP-C012-20241108,C012,2024-11-08,50,0,0.0,0.0
IMP-C012-20241109,C012,2024-11-09,50,0,0.0,0.0
IMP-C012-20241110,C012,2024-11-10,50,0,0.0,0.0
IMP-C012-20241111,C012,2024-11-11,50,0,0.0,0.0
IMP-C012-20241112,C012,2024-11-12,50,0,0.0,0.0
IMP-C012-20241113,C012,2024-11-13,50,0,0.0,0.0
IMP-C012-20241114,C012,2024-11-14,50,0,0.0,0.0
IMP-C012-20241115,C012,2024-11-15,50,0,0.0,0.0
IMP-C012-20241116,C012,2024-11-16,50,0,0.0,0.0
IMP-C012-20241117,C012,2024-11-17,50,0,0.0,0.0
IMP-C012-20241118,C012,2024-11-18,50,0,0.0,0.0
IMP-C012-20241119,C012,2024-11-19,50,0,0.0,0.0
IMP-C012-20241120,C012,2024-11-20,50,0,0.0,0.0
IMP-C012-20241121,C012,2024-11-21,50,0,0.0,0.0
IMP-C012-20241122,C012,2024-11-22,50,0,0.0,0.0
IMP-C012-20241123,C012,2024-11-23,50,0,0.0,0.0
IMP-C012-20241124,C012,2024-11-24,50,0,0.0,0.0
IMP-C012-20241125,C012,2024-11-25,50,0,0.0,0.0
IMP-C012-20241126,C012,2024-11-26,50,0,0.0,0.0
IMP-C012-20241127,C012,2024-11-27,50,0,0.0,0.0
IMP-C012-20241128,C012,2024-11-28,50,0,0.0,0.0
IMP-C012-20241129,C012,2024-11-29,50,0,0.0,0.0
IMP-C012-20241130,C012,2024-11-30,50,0,0.0,0.0
IMP-C012-20241201,C012,2024-12-01,50,0,0.0,0.0
IMP-C012-20241202,C012,2024-12-02,50,0,0.0,0.0
IMP-C012-20241203,C012,2024-12-03,50,0,0.0,0.0
IMP-C012-20241204,C012,2024-12-04,50,0,0.0,0.0
IMP-C012-20241205,C012,2024-12-05,50,0,0.0,0.0
IMP-C012-20241206,C012,2024-12-06,50,0,0.0,0.0
IMP-C012-20241207,C012,2024-12-07,50,0,0.0,0.0
IMP-C012-20241208,C012,2024-12-08,50,0,0.0,0.0
IMP-C012-20241209,C012,2024-12-09,50,0,0.0,0.0
IMP-C012-20241210,C012,2024-12-10,50,0,0.0,0.0
IMP-C012-20241211,C012,2024-12-11,50,0,0.0,0.0
IMP-C012-20241212,C012,2024-12-12,50,0,0.0,0.0
IMP-C012-20241213,C012,2024-12-13,50,0,0.0,0.0
IMP-C012-20241214,C012,2024-12-14,50,0,0.0,0.0
IMP-C012-20241215,C012,2024-12-15,50,0,0.0,0.0
IMP-C012-20241216,C012,2024-12-16,50,0,0.0,0.0
IMP-C012-20241217,C012,2024-12-17,50,0,0.0,0.0
IMP-C012-20241218,C012,2024-12-18,50,0,0.0,0.0
IMP-C012-20241219,C012,2024-12-19,50,0,0.0,0.0
IMP-C012-20241220,C012,2024-12-20,50,0,0.0,0.0
IMP-C012-20241221,C012,2024-12-21,50,0,0.0,0.0
IMP-C012-20241222,C012,2024-12-22,50,0,0.0,0.0
IMP-C012-20241223,C012,2024-12-23,50,0,0.0,0.0
IMP-C012-20241224,C012,2024-12-24,50,0,0.0,0.0
IMP-C012-20241225,C012,2024-12-25,50,0,0.0,0.0
IMP-C012-20241226,C012,2024-12-26,50,0,0.0,0.0
IMP-C012-20241227,C012,2024-12-27,50,0,0.0,0.0
IMP-C012-20241228,C012,2024-12-28,50,0,0.0,0.0
IMP-C012-20241229,C012,2024-12-29,50,0,0.0,0.0
IMP-C012-20241230,C012,2024-12-30,50,0,0.0,0.0
IMP-C012-20241231,C012,2024-12-31,50,0,0.0,0.0
